{
    "<page title>": "CamMarkt | Olympus E30 12.3MP Digital SLR with Image Stabilization with 14-",
    "additional features": [
        "LCD Live View Mode",
        "DPOF Support",
        "USB 2.0",
        "Interchangeable Lenses",
        "Face Detection",
        "PictBridge Support",
        "Image Stabilization",
        "Shadow Adjustment Technology",
        "Digital Image Rotation",
        "USB 2.0 Compatibility",
        "PRINT Image Matching",
        "Histogram Display",
        "RGB Primary Color Filter",
        "Auto Power Save",
        "Saturation Control",
        "Cropping An Image",
        "Red eye Fix",
        "Resizing an Image",
        "Highlight Point Display",
        "RAW Processing",
        "Contrast Control",
        "Direct Print",
        "Brightness Control\nFace Detection",
        "Sharpness Control",
        "Depth-Of-Field Preview Button",
        "Automatic Face Tracking",
        "Shadow Point Display"
    ],
    "auto focus type": "TTL contrast and phase detection",
    "brand": [
        "Olympus",
        "Olympus"
    ],
    "camera flash features": "Slow Sync\nViewfinder Type",
    "connector types": "1 x DC power input",
    "continuous shooting speed": "Fluorescent (Preset)\nDaylight / Sunny (Preset)\nCloudy (Preset)\nAuto\nManual\n5 frames per second\nThe white balance of a digital camera controls the color outcome of pictures. All light gives off a color temperature which the camera analyzes and internally adjusts, so that the colors of the picture are captured in their true form. Without the proper white balance, the color in a photo may contain an overabundance of blue, green or orange hues.",
    "depth": "2.953 in.",
    "dioptric correction range": "-3 to +1",
    "display rotation": "Rotating\nDiagonal Screen Size is the size of your TV screen, measured diagonally in inches.",
    "display type": "LCD\nExpansion slots are built-in areas for future expansion. Some PDAs are made without certain features, but have built-in slots in case you want to add those features later. If the PDA you want to purchase does not have a certain feature that you are looking for, it may be expandable to include it in one of these slots.",
    "expansion slot": "1 x CompactFlash Card - type I/II",
    "exposure compensation": "Manual\nShutter-Priority\nAperture-Priority\n\u00c2\u00b15 EV range, in 1, 1/2 or 1/3 EV steps\nExposure Modes",
    "exposure metering": "Center-Weighted",
    "exposure modes": "Automatic",
    "exposure range": "EV 1-20 ( ISO 100 )",
    "face detection": "Monotone\nBlack & White Green filter\nGreen\nSepia\nPop Art\nPortrait\nPin Hole\nPale & Light Colour\nYellow\nLight Tone\nRed\nSoft Focus\nVivid\nMuted\nBlack & White Orange filter\nBlack & White Yellow filter\nCustom Effect\nBlack & White Red filter\nGrainy Film\nYes\nSpecial Effects",
    "flash modes": "Red-eye Reduction Flash\nManual\nFill-in Flash\nAuto Flash\nFlash +/- Compensation\nAF Illuminator\nAuto Mode\nCamera Flash Features",
    "flash type": "Pop-up Flash",
    "focal length equivalent to 35mm camera": "24 - 120mm\nAuto Focus type",
    "focus adjustment": "Automatic",
    "height": "4.232 in.",
    "lens for sd": "Manual\nBody Only\nFocus Adjustment",
    "light sensitivity": "ISO 100-3200",
    "light sensitivity max": "3200",
    "manufacturer": "Olympus",
    "max operating temperature": "40 \u00c2\u00b0C",
    "max shutter speed": "1/8000 sec",
    "megapixels": "12.3 MP",
    "min operating temperature": "0 \u00c2\u00b0C",
    "min shutter speed": "Multi-Segment\nSpot\n30 min\nExposure Metering",
    "model": "E-30",
    "optical viewfinder type": "Fixed eye-level pentaprism",
    "part number": "E30 & 14-54mm II",
    "red eye reduction": "OFF mode\nFill-in Mode\nSlow Synchro\nRed-eye Reduction\nRear Curtain Sync\nYes\nFlash Modes",
    "screen details": "LCD display - TFT active matrix - 2.7' - color\nDisplay Rotation",
    "screen size": "2.7'\nLCD stands for 'Liquid Crystal Display.' This is the small screen on the back of a camera that digitally displays the same image you would see through the viewfinder. On many cameras you can also review the pictures stored in the camera's memory on the LCD Panel.",
    "special effects": "Orange",
    "specs": "More details: Description:",
    "type": "Digital SLR",
    "upc": "718122160297",
    "viewfinder  field coverage": "98%",
    "viewfinder magnification": "1.02x\nOptical Viewfinder Type",
    "viewfinder type": "Optical",
    "weight": [
        "5 pounds",
        "24 Oz."
    ],
    "white balance": "Shade (Preset)",
    "width": "5.571 in."
}