{
    "<page title>": "CamMarkt | Pentax K-50 Digial SLR Camera with 18-135 WR Lens, Red 11008",
    "brand": [
        "Pentax",
        "Pentax"
    ],
    "color": "Red",
    "depth": "2.8 in.",
    "display type": "TFT LCD",
    "height": "3.8 in.\nDiagonal Screen Size is the size of your TV screen, measured diagonally in inches.",
    "manufacturer": "Pentax",
    "megapixels": "16.3 MP",
    "model": "K-50",
    "part number": "11008",
    "screen size": "3'\nLCD stands for 'Liquid Crystal Display.' This is the small screen on the back of a camera that digitally displays the same image you would see through the viewfinder. On many cameras you can also review the pictures stored in the camera's memory on the LCD Panel.",
    "specs": "More details: Description:",
    "type": "Digital SLR",
    "upc": "027075234352",
    "weight": [
        "4.45 pounds",
        "20.8 Oz."
    ],
    "width": "5.1 in."
}