{
    "<page title>": "CamMarkt | Pentax K-50 Digital SLR Camera, Red",
    "brand": [
        "Pentax",
        "Pentax"
    ],
    "color": "Red",
    "display type": "TFT LCD",
    "manufacturer": "Pentax",
    "megapixels": "16.3 MP\nDiagonal Screen Size is the size of your TV screen, measured diagonally in inches.",
    "model": "K-50",
    "part number": "10974",
    "screen size": "3'\nLCD stands for 'Liquid Crystal Display.' This is the small screen on the back of a camera that digitally displays the same image you would see through the viewfinder. On many cameras you can also review the pictures stored in the camera's memory on the LCD Panel.",
    "specs": "More details: Description:",
    "type": "Digital SLR",
    "upc": "027075234024",
    "weight": "3.15 pounds"
}