{
    "<page title>": "CamMarkt | Nikon D40 6.1MP Digital SLR Camera Kit with 18-135mm f/3.5-5.6G",
    "auto focus type": "TTL phase detection\nLens System Features",
    "brand": "Nikon",
    "camera flash features": "Optical\nSlow Sync\nViewfinder Type",
    "catalog number": "9419,NZ0041",
    "connector types": "Cyanotype\nWarm Filter\nSkylight Filter\nBlack & White\n1 x USB\nSpecial Effects",
    "continuous shooting speed": "2.5 frames per second\nThe white balance of a digital camera controls the color outcome of pictures. All light gives off a color temperature which the camera analyzes and internally adjusts, so that the colors of the picture are captured in their true form. Without the proper white balance, the color in a photo may contain an overabundance of blue, green or orange hues.",
    "depth": "2.5 in.",
    "dioptric correction range": "-1.7 to +0.5",
    "display rotation": "Built-in\nDiagonal Screen Size is the size of your TV screen, measured diagonally in inches.",
    "display type": "LCD\nExpansion slots are built-in areas for future expansion. Some PDAs are made without certain features, but have built-in slots in case you want to add those features later. If the PDA you want to purchase does not have a certain feature that you are looking for, it may be expandable to include it in one of these slots.",
    "expansion slot": "1 x SD Memory Card",
    "exposure compensation": "Automatic\nBulb\nManual\nShutter-Priority\nProgram\nAperture-Priority\n\u00c2\u00b15 EV range, in 1/3 EV steps\nExposure Modes",
    "exposure metering": "Center-Weighted",
    "exposure modes": "i-TTL Program Flash",
    "exposure range": "EV 0-20 ( ISO 100 )",
    "flash modes": "Red-eye Reduction Flash\nRear Sync Flash\nFill-in Flash\nAuto Flash\nFlash +/- Compensation\nAF Illuminator\nAuto Mode\nCamera Flash Features",
    "flash type": "Pop-up Flash",
    "focal length equivalent to 35mm camera": "27 - 82.5mm\nLens Construction",
    "focal length range": "Automatic\nManual\n18mm - 55mm\nFocus Adjustment",
    "focus adjustment": "Autofocus & Manual Focus",
    "height": "3.7 in.",
    "lens filter size": "52 mm",
    "lens for sd": "18-55mm\nTelephoto lenses give you the flexibility to enlarge your subject despite long distances.",
    "lens system features": "Internal Focusing System, Silent Wave Motor (SWM), Aspherical Lens, ED Glass",
    "lens type": "Zoom lens",
    "light sensitivity": "ISO 200-1600",
    "light sensitivity max": "1600",
    "manufacturer": "Nikon",
    "max shutter speed": "1/4000 sec",
    "megapixels": "6.1 MP\nThe optical zoom ratio of a digital camera measures how much the lens can actually zoom in to make subjects appear closer. Be careful to not confuse optical zoom with digital zoom. Optical zoom actually enlarges a picture while keeping the resolution and sharpness of the picture high.",
    "min shutter speed": "3D color matrix II\nSpot\n30 sec\nExposure Metering",
    "model": "D40",
    "optical viewfinder type": "Eye-level penta-dach mirror",
    "optical zoom": "3.1x",
    "part number": "9419",
    "red eye reduction": "OFF mode\nFill-in Mode\nSlow Synchro\nRed-eye Reduction\nRear Curtain Sync\nYes\nFlash Modes",
    "screen details": "LCD display - TFT active matrix - 2.5' - color\nDisplay Rotation",
    "screen size": "2.5'\nLCD stands for 'Liquid Crystal Display.' This is the small screen on the back of a camera that digitally displays the same image you would see through the viewfinder. On many cameras you can also review the pictures stored in the camera's memory on the LCD Panel.",
    "shooting programs": "Sports mode",
    "special effects": "Sepia",
    "specs": "More details: Description:",
    "type": "Digital SLR",
    "upc": "0018208254200",
    "viewfinder  field coverage": "95%",
    "viewfinder magnification": "0.8x\nOptical Viewfinder Type",
    "viewfinder type": "Optical (Through-the-lens)",
    "weight": [
        "1.62 pounds",
        "16.8 Oz."
    ],
    "white balance": "Auto",
    "width": "5 in."
}