{
    "<page title>": "CamMarkt | Pentax Q Digital Camera with 8.5mm Lens Kit (White)",
    "additional features": [
        "Resizing an Image",
        "display color control",
        "1080p Full HD Movie Recording",
        "Edit Function",
        "AE/FE Lock",
        "DPOF Support",
        "PRINT Image Matching",
        "Brightness Control\nFace Detection",
        "Histogram Display",
        "AF Lock",
        "Exif Print Support",
        "Interval Shooting Mode",
        "RGB Primary Color Filter",
        "Cropping An Image",
        "Red eye Fix",
        "USB 2.0 Compatibility",
        "RAW Processing",
        "Date/Time Stamp",
        "Digital Image Rotation",
        "Automatic Face Tracking",
        "Audio Recording",
        "Bokeh Control Filter",
        "High ISO NR"
    ],
    "auto focus type": "TTL contrast detection",
    "brand": [
        "Pentax",
        "Pentax"
    ],
    "camera flash features": "Flash +/- Compensation",
    "catalog number": "S10002550",
    "color": "white",
    "connector types": "1 x HDMI output",
    "continuous shooting speed": "1.5 frames per second\nVideo Capture",
    "depth": "1.2 in.",
    "display rotation": "Built-in\nDiagonal Screen Size is the size of your TV screen, measured diagonally in inches.",
    "display type": "LCD\nMicrophone Operation Mode",
    "expansion slot": "1 x SD Memory Card\nHDMI Output",
    "exposure compensation": "Bulb\nManual\nShutter-Priority\nProgram\nAperture-Priority\n'\u00c2\u00b13 EV range, in 1/3 EV steps'\nExposure Modes",
    "exposure metering": "Center-Weighted",
    "exposure modes": "Automatic",
    "exposure range": "EV 1.3-17 ( ISO 125 )",
    "face detection": "Vibrant\nToy camera\nStarburst\nPosterization\nMiniature\nCross Process\nHigh contrast\nBright\nBleach Bypass\nSketch\nPortrait\nFisheye\nLandscape\nColor Extract\nRetro\nSlim\nMuted\nSoft\nMonochrome\nNatural\nYes\nSpecial Effects",
    "flash modes": "AF Illuminator\nAuto Mode\nCamera Flash Features",
    "flash type": "Pop-up Flash",
    "focal length range": "Manual\n8mm\nFocus Adjustment",
    "focus adjustment": "Automatic",
    "hdmi output": "Yes",
    "height": "2.3 in.",
    "lens filter size": "40.5 mm\nAuto Focus type",
    "lens for sd": "8.5mm",
    "light sensitivity": "ISO 125-6400",
    "light sensitivity max": "6400",
    "manufacturer": "Pentax",
    "max operating temperature": "40 \u00c2\u00b0C",
    "max shutter speed": "1/2000 sec",
    "megapixels": "12.4 MP",
    "min operating temperature": "0 \u00c2\u00b0C\nShooting Modes",
    "min shutter speed": "Multi-Segment\n30 sec\nExposure Metering",
    "model": "Q",
    "part number": "15143",
    "red eye reduction": "OFF mode\nFill-in Mode\nSlow Synchro\nRed-eye Reduction\nRear Curtain Sync\nYes\nFlash Modes",
    "screen details": "'LCD display - TFT active matrix - 3'' - color'\nDisplay Rotation",
    "screen size": "3'\nLCD stands for 'Liquid Crystal Display.' This is the small screen on the back of a camera that digitally displays the same image you would see through the viewfinder. On many cameras you can also review the pictures stored in the camera's memory on the LCD Panel.",
    "shooting programs": "Pet",
    "special effects": "Water Colour",
    "specs": "More details: Description:",
    "type": "Mirrorless Interchangeable Lens",
    "upc": "027075207967",
    "weight": [
        "2 pounds",
        "6.3 Oz."
    ],
    "white balance": "Automatic",
    "width": "3.9 in."
}