{
    "<page title>": "CamMarkt | Canon EOS 30D 8.2MP Digital SLR Camera (Body Only)",
    "aperture range": "f4/f5.6 (w/t)",
    "battery life": "1,100 Images\nThe method by which your camera will communicate with your computer or other video device. Different methods enable you to download photos at varying speeds. Make sure the interface you want is also compatible with the computer you want to use it with.",
    "battery type": "Proprietary Li-Ion",
    "brand": "Canon",
    "builtin microphone": "Without Built-in Microphone",
    "camera resolution": "2544 x 1696\n1728 x 1152\n8.5 Megapixel\nThe sensor in a digital camera is composed of pixels, which are tiny light-sensitive squares. The sensors in most cameras today are made up of millions of pixels, each one registering the brightness of the light striking it as the photo is taken. A megapixel is the term used for a million pixels \u00e2\u0080\u0094 and the more megapixels an imaging sensor has, the higher the camera's potential resolution. On the other hand, the megapixels determine the size of the print, so higher megapixels means larger print sizes, for examples, 6 megapixels are good for 8 x 10 in. prints, 8 megapixels are good for 16 x 20 in. prints.",
    "camera type": "SLR/Professional",
    "catalog number": "189485,EOS-30D,EOS-30D D31558,EOS-30D H23073,EC2730,CAN-1234B004,1234B004,EOS30D",
    "color": "black",
    "compression modes": [
        "Normal",
        "Uncompressed",
        "Raw Image\nFine\nMany cameras include different settings to control photo resolution. The resolution of the pictures you take affects their quality as well as the amount of memory they utilize. Higher resolution results in higher quality, but takes up more memory."
    ],
    "compression type": "JPEG\nIf the camera has a built-in flash, it might have several different flash functions, such as on/off or anti-redeye flash.",
    "depth": [
        "2.9 in.",
        "7.4 cm"
    ],
    "digital zoom": "Without Digital Zoom\nThe sensor in a digital camera is composed of pixels, which are tiny light-sensitive squares. The sensors in most cameras today are made up of millions of pixels, each one registering the brightness of the light striking it as the photo is taken. A megapixel is the term used for a million pixels \u00e2\u0080\u0094 and the more megapixels an imaging sensor has, the higher the camera's potential resolution. On the other hand, the megapixels determine the size of the print, so higher megapixels means larger print sizes, for examples, 6 megapixels are good for 8 x 10 in. prints, 8 megapixels are good for 16 x 20 in. prints.",
    "display type": "With LCD Screen",
    "family line": "Canon EOS",
    "file size high res": "CompactFlash Card Type II\n8.7 MB (15 images on 128MB card)\nThere are many types of memory / media for digital cameras, but most models are compatible with only one. The most common are CompactFlash and SmartMedia. Many other cameras use Memory Stick and some write the pictures directly onto mini-CDs or floppy disks. It is helpful to choose some sort of memory device that is easy to find in stores, in case you need to purchase extra.",
    "file size low res": "0.6 MB (about 213 images on 128MB card)",
    "flash functions": "Auto Flash",
    "flash type": "100\n400\n1600\n3200\nBuilt-In & External\nISO stands for International Standards Organization. It denotes the rating of a film's sensitivity to light (based on an arithmetical progression). Though digital cameras don't use film, they have adopted the same rating system for describing the sensitivity of the camera's imaging sensor. Digital cameras often include a control for adjusting the ISO speed; some will adjust it automatically depending on the lighting conditions, adjusting it upwards as the available light dims. For exampe, ISO 200 film is twice as fast as ISO 100 film but only half as fast as ISO 400. The scale is identical to ASA (American Standards Association). Generally, with higher ISO speeds there is more noise.",
    "focus type": "Autofocus & Manual Focus\nA CCD sensor will provide a sharper more precise image, but is generally more power consuming. CMOS sensors are generally more energy efficient and are creating better and better images as technology develops.",
    "frames per second": "Manual\nDaylight / Sunny (Preset)\nCloudy (Preset)\nFluorescent (Preset)\nTungsten (Preset)\nShade (Preset)\n5 Frames\nThe white balance of a digital camera controls the color outcome of pictures. All light gives off a color temperature which the camera analyzes and internally adjusts, so that the colors of the picture are captured in their true form. Without the proper white balance, the color in a photo may contain an overabundance of blue, green or orange hues.",
    "height": [
        "10.7 cm",
        "4.2 in."
    ],
    "image resolutions": "3504 x 2336",
    "image sensor type": "CMOS\nResolution is measured in megapixels. The higher the megapixels, the sharper and more detailed the pictures your digital camera can take, and the bigger you can enlarge them without losing the sharpness of the image. 3.1 megapixels and higher is usually considered sufficient for print-quality photos. Photos with a resolution of less than 3.1 megapixels are best viewed only on computers.",
    "included accessories": [
        "Battery Charger",
        "Neck Strap",
        "Software",
        "Video Cable",
        "USB Cable"
    ],
    "interchangeable lens": "Interchangeable Lenses",
    "interface type": "USB 2.0",
    "iso speeds": "Auto\nThe aperture range measures how much light is let into the camera when taking a photo. Low f-stop settings are best for low light photography while higher f-stops provide a greater depth of field.",
    "lcd protected position": "Without LCD Protected Position\nA viewfinder is the small square on the back of a camera that you look through to compose the scene. Some cameras have small screens on the back that act as viewfinders. Other cameras have small glass areas through which you can look out of the front of the camera.",
    "lcd screen resolution": "230,000 pixels",
    "lcd screen size": "2.5 in.",
    "manufacturer": "Canon",
    "memory type": "CompactFlash Card Type I",
    "part number": "1234B004",
    "resolution": "8.5 Megapixel\nThere are several different types of digital cameras. Compact and Ultra-compact are light, pocket-sized cameras that are easy to carry, usually with a built-in lens. Standard point-and-shoot cameras are of medium size, usually come with a built-in lens, and have basic features that are useful for the casual photographer. SLR/Professional cameras are usually larger, but offer more advanced features and detachable lenses for the photography enthusiast or professional.",
    "self timer": [
        "2 Sec.",
        "10 Sec."
    ],
    "shutter speed": "30 - 1/8000 sec\nHigher-end cameras may allow you to separate the camera body from the lens, allowing you to interchange lenses for different types of photography.",
    "specs": "More details: Description:",
    "tripod mount": "With Tripod Mount",
    "upc": "013803065114",
    "video interface": "Video Out",
    "viewfinder": "Optical (Through-the-lens)\nLCD stands for 'Liquid Crystal Display.' This is the small screen on the back of a camera that digitally displays the same image you would see through the viewfinder. On many cameras you can also review the pictures stored in the camera's memory on the LCD Panel.",
    "weight": [
        "1.5 pounds",
        "1.54 lb.\nUnlike optical zoom, digital zoom magnifies the pixels but not the actual image. The resulting image appears bigger, but is not as sharp as with an optical zoom.",
        "698.53 gr",
        "1.54 lb."
    ],
    "white balance": "Auto\nThe shutter speed of a camera depends on two variables: the size of the lens and the actual timing of the shutter, opening and closing. These two factors work as a team to control the amount of light that enters the camera. This is measured in fractions on a shutter speed dial which illustrate how long the shutter opens and closes in a set period of time. The term speed refers to how long the lens remains open. For example, a setting of 1/60 on a shutter speed dial means that the shutter opens and closes within one sixtieth of a second. Various shutter speeds can be used to manipulate the final result of the picture. Usually, a faster shutter speed is used to freeze the scene, for motion shots, while a slower speed is used to create more of an unfocused, abstract result.",
    "width": [
        "14.5 cm",
        "5.7 in."
    ]
}