{
    "<page title>": "CamMarkt | Pentax K-3 Prestige Edition DSLR Camera (Body Only) Gunmetal",
    "brand": [
        "Pentax",
        "Pentax"
    ],
    "depth": "3.1 in.",
    "display rotation": "Built-in\nDiagonal Screen Size is the size of your TV screen, measured diagonally in inches.",
    "display type": "TFT LCD",
    "flash type": "Pop-up Flash",
    "height": "3.9 in.\nDisplay Rotation",
    "light sensitivity": "ISO 100-51200",
    "light sensitivity max": "51200",
    "manufacturer": "Pentax-Ricoh",
    "megapixels": "23.4 MP",
    "model": "K-3",
    "optical viewfinder type": "Fixed eye-level pentaprism",
    "part number": "15575",
    "red eye reduction": "Yes\nViewfinder Type",
    "screen size": "3.2'\nLCD stands for 'Liquid Crystal Display.' This is the small screen on the back of a camera that digitally displays the same image you would see through the viewfinder. On many cameras you can also review the pictures stored in the camera's memory on the LCD Panel.",
    "specs": "More details: Description:",
    "type": "Digital SLR",
    "viewfinder type": "Optical\nOptical Viewfinder Type",
    "weight": [
        "4.4 pounds",
        "25.2 Oz."
    ],
    "width": "5.2 in."
}