{
    "<page title>": "CamMarkt | Canon EOS 5D Mark III Digital Camera (Body Only) w/1-Year USA Wa",
    "additional features": [
        "HDMI\nFace Detection",
        "Dust proof",
        "Interchangeable Lenses",
        "Waterproof",
        "USB 2.0"
    ],
    "brand": [
        "Canon",
        "Canon"
    ],
    "depth": "3 in.",
    "digital zoom": "2x",
    "display rotation": "Built-in\nDiagonal Screen Size is the size of your TV screen, measured diagonally in inches.",
    "display type": "LCD",
    "face detection": "Yes",
    "focus adjustment": "Fixed Focus",
    "height": "4.6 in.\nDisplay Rotation",
    "lens for sd": "Body Only\nFocus Adjustment",
    "light sensitivity": "ISO auto (100-12800)\nViewfinder Type",
    "light sensitivity max": "102400",
    "manufacturer": "Canon",
    "megapixels": "22.3 MP\nUnlike optical zoom, digital zoom magnifies the pixels but not the actual image. The resulting image appears bigger, but is not as sharp as with an optical zoom.",
    "model": "5D Mark III",
    "optical viewfinder type": "Fixed eye-level pentaprism",
    "screen size": "3.2'\nLCD stands for 'Liquid Crystal Display.' This is the small screen on the back of a camera that digitally displays the same image you would see through the viewfinder. On many cameras you can also review the pictures stored in the camera's memory on the LCD Panel.",
    "specs": "More details: Description:",
    "type": "Digital SLR",
    "upc": "8714574583273",
    "viewfinder type": "Optical\nOptical Viewfinder Type",
    "weight": [
        "4.19 pounds",
        "30.3 Oz."
    ],
    "width": "6 in."
}