{
    "<page title>": "CamMarkt | Pentax K-x 12.4MP Digital SLR with 2.7 inch LCD and 18-55mm f/3.",
    "brand": [
        "Pentax",
        "Pentax"
    ],
    "catalog number": "PTX17536",
    "focal length": "82.5mm - 450mm",
    "focus type": "Autofocus",
    "lens type": "Zoom Lens\nNot all lenses fit all cameras. Make sure the lens you buy is compatible with the type of camera you are buying it for. Most standard cameras are 35mm.",
    "manufacturer": "Pentax",
    "part number": "K-x 18-55mm Navy Kit",
    "specs": "More details: Description:",
    "weight": [
        "1.3 pounds",
        "0.97 oz"
    ]
}