{
    "<page title>": "CamMarkt | Pentax - 12761 - Pentax 12761 X-5 Kit Black",
    "brand": [
        "Pentax",
        "Pentax"
    ],
    "connector types": "USB to computer",
    "depth": "4.2 in.",
    "digital zoom": "7.2x",
    "display type": "LCD\nHDMI Output",
    "hdmi output": "Yes",
    "height": "3.4 in.\nDiagonal Screen Size is the size of your TV screen, measured diagonally in inches.",
    "manufacturer": "Pentax",
    "megapixels": "16.0 MP\nUnlike optical zoom, digital zoom magnifies the pixels but not the actual image. The resulting image appears bigger, but is not as sharp as with an optical zoom.",
    "model": "X-5",
    "part number": "12761",
    "screen size": "3'\nLCD stands for 'Liquid Crystal Display.' This is the small screen on the back of a camera that digitally displays the same image you would see through the viewfinder. On many cameras you can also review the pictures stored in the camera's memory on the LCD Panel.",
    "specs": "More details: Description:",
    "type": "Bridge Camera",
    "upc": "689466595680",
    "weight": "3 pounds",
    "width": "4.7 in."
}