{
    "<page title>": "CamMarkt | Pentax K-x 12.4 MP Digital SLR with 2.7-inch LCD and 18-55mm f/3",
    "auto focus type": "TTL contrast and phase detection\nLens System Features",
    "brand": "Pentax",
    "camera flash features": "Wireless Off-Camera Control\nViewfinder Type",
    "catalog number": "PTX15801,PX06035",
    "color": "black",
    "connector types": "1 x DC power input",
    "continuous shooting speed": "2 frames per second\nVideo Capture",
    "depth": "2.7 in.",
    "dioptric correction range": "-2.5 to +1.5",
    "display rotation": "Built-in\nDiagonal Screen Size is the size of your TV screen, measured diagonally in inches.",
    "display type": "LCD\nMicrophone Operation Mode",
    "expansion slot": "1 x SD Memory Card",
    "exposure compensation": "Bulb\nManual\nShutter-Priority\nProgram\nAperture-Priority\n\u00c2\u00b13 EV range, in 1/2 or 1/3 EV steps\nExposure Modes",
    "exposure metering": "Center-Weighted",
    "exposure modes": "ISO-Priority",
    "exposure range": "EV 0-20 ( ISO 100 )",
    "flash modes": "Flash +/- Compensation\nAF Illuminator\nAuto Mode\nCamera Flash Features",
    "flash type": "Pop-up Flash",
    "focal length equivalent to 35mm camera": "27 - 82.5mm\nLens Construction",
    "focal length range": "Manual\n18mm - 55mm\nFocus Adjustment",
    "focus adjustment": "Automatic",
    "height": "3.6 in.",
    "lens filter size": "52 mm",
    "lens for sd": "AL 18-55mm\nTelephoto lenses give you the flexibility to enlarge your subject despite long distances.",
    "lens system features": "Aspherical Lens",
    "lens type": "Zoom lens",
    "light sensitivity": "ISO 100",
    "light sensitivity max": "12800",
    "manufacturer": "Pentax",
    "max operating temperature": "40 \u00c2\u00b0C",
    "max shutter speed": "1/6000 sec",
    "megapixels": "12.4 MP\nThe optical zoom ratio of a digital camera measures how much the lens can actually zoom in to make subjects appear closer. Be careful to not confuse optical zoom with digital zoom. Optical zoom actually enlarges a picture while keeping the resolution and sharpness of the picture high.",
    "min operating temperature": "Starburst\nHigh contrast\nFisheye\nColor Extract\nRetro\nBlack & White\nSoft\nMonochrome\n0 \u00c2\u00b0C\nSpecial Effects",
    "min shutter speed": "Multi-Segment\nSpot\n30 sec\nExposure Metering",
    "model": "K-x",
    "optical viewfinder type": "Eye-level mirror pentaprism",
    "optical zoom": "3x",
    "part number": "K-x 18-55mm & 55-300mm Kit",
    "red eye reduction": "OFF mode\nFill-in Mode\nSlow Synchro\nYes\nFlash Modes",
    "screen details": "LCD display - TFT active matrix - 2.7' - color\nDisplay Rotation",
    "screen size": "2.7'\nLCD stands for 'Liquid Crystal Display.' This is the small screen on the back of a camera that digitally displays the same image you would see through the viewfinder. On many cameras you can also review the pictures stored in the camera's memory on the LCD Panel.",
    "shooting programs": "Action",
    "special effects": "Toy camera",
    "specs": "More details: Description:",
    "type": "Digital SLR",
    "upc": "846840008963",
    "viewfinder  field coverage": "96%",
    "viewfinder magnification": "0.85x\nOptical Viewfinder Type",
    "viewfinder type": "Optical",
    "weight": [
        "1.3 pounds",
        "18.16 Oz."
    ],
    "width": "4.8 in."
}