{
    "<page title>": "CamMarkt | Olympus E-10 4MP Digital Camera w/ 4x Optical Zoom",
    "additional features": [
        "With Tripod Mount",
        "USB\nTripod Mountable",
        "Serial",
        "AE/FE Lock",
        "DPOF Support",
        "Not Interchangeable Lenses",
        "Date/Time Stamp"
    ],
    "auto focus type": "TTL contrast detection",
    "brand": [
        "Olympus",
        "Olympus"
    ],
    "camera flash features": "SmartMedia\nCompactFlash\nSlow Sync\nSupported Flash Memory",
    "catalog number": "225230,E10",
    "connector types": "1 x DC power input\nBattery Description",
    "continuous shooting speed": "Manual\n3 frames per second\nThe white balance of a digital camera controls the color outcome of pictures. All light gives off a color temperature which the camera analyzes and internally adjusts, so that the colors of the picture are captured in their true form. Without the proper white balance, the color in a photo may contain an overabundance of blue, green or orange hues.",
    "depth": "7 in.",
    "display rotation": "Folding\nDiagonal Screen Size is the size of your TV screen, measured diagonally in inches.",
    "display type": "LCD\nExpansion slots are built-in areas for future expansion. Some PDAs are made without certain features, but have built-in slots in case you want to add those features later. If the PDA you want to purchase does not have a certain feature that you are looking for, it may be expandable to include it in one of these slots.",
    "expansion slot": "1 x CompactFlash Card",
    "exposure compensation": "Manual\nShutter-Priority\nProgram\nAperture-Priority\n\u00c2\u00b13 EV range, in 1/3 EV steps\nExposure Modes",
    "exposure metering": "Center-Weighted",
    "exposure modes": "Automatic",
    "flash modes": "Red-eye Reduction Flash\nRear Sync Flash\nFront Sync Flash\nFlash Off\nFill-in Flash\nAuto Flash\nFlash +/- Compensation\nX-sync\nAuto Mode\nCamera Flash Features",
    "flash type": "Pop-up Flash",
    "focal length equivalent to 35mm camera": "35 - 140mm\nAuto Focus type",
    "focus adjustment": "Autofocus & Manual Focus\nMacro Focus is a special function of certain lenses that allows the camera to focus on a subject closer than is allowed in its normal focus range.",
    "height": "4.1 in.",
    "lens for sd": "Automatic\nManual\nBody Only\nFocus Adjustment",
    "light sensitivity": "ISO 160",
    "light sensitivity max": "320",
    "macro focus range": "20-80cm",
    "manufacturer": "Olympus",
    "max operating temperature": "40 \u00c2\u00b0C",
    "max shutter speed": "1/640 sec",
    "megapixels": "4.0 MP",
    "min operating temperature": "Frame Movie Mode\n0 \u00c2\u00b0C\nShooting Modes",
    "min shutter speed": "Multi-spot\nSpot\n2 sec\nExposure Metering",
    "model": "E-10",
    "optical viewfinder type": "Eye-level roof prism",
    "part number": "225230",
    "red eye reduction": "Yes\nEffective Flash Range",
    "screen details": "LCD display - TFT active matrix - 1.8' - color\nDisplay Rotation",
    "screen size": "1.8'\nLCD stands for 'Liquid Crystal Display.' This is the small screen on the back of a camera that digitally displays the same image you would see through the viewfinder. On many cameras you can also review the pictures stored in the camera's memory on the LCD Panel.",
    "specs": "More details: Description:",
    "type": "Digital SLR",
    "upc": "050332131354",
    "viewfinder  field coverage": "95%\nOptical Viewfinder Type",
    "viewfinder type": "Optical (Through-the-lens)",
    "warranty": "1 Year Parts/Labor",
    "weight": [
        "2.5 pounds",
        "36.96 Oz."
    ],
    "white balance": "Auto",
    "width": "5 in."
}