{
    "<page title>": "CamMarkt | Pentax K-500 Digital SLR Camera with 18-55mm f-3.5-5.6 and 50-20",
    "brand": [
        "Pentax",
        "Pentax"
    ],
    "display type": "LCD",
    "manufacturer": "Pentax",
    "megapixels": "16.3 MP\nDiagonal Screen Size is the size of your TV screen, measured diagonally in inches.",
    "model": "K-500",
    "part number": "15517",
    "screen size": "3'\nLCD stands for 'Liquid Crystal Display.' This is the small screen on the back of a camera that digitally displays the same image you would see through the viewfinder. On many cameras you can also review the pictures stored in the camera's memory on the LCD Panel.",
    "specs": "More details: Description:",
    "type": "Digital SLR",
    "upc": "027075261266",
    "weight": "4.23 pounds"
}