{
    "<page title>": "CamMarkt | Opteka 650-2600mm High Definition Telephoto Zoom Lens for Pentax",
    "brand": "Opteka",
    "camera technology": [
        "Digital\nThere are several different types of digital cameras. Compact and Ultra-compact are light, pocket-sized cameras that are easy to carry, usually with a built-in lens. Standard point-and-shoot cameras are of medium size, usually come with a built-in lens, and have basic features that are useful for the casual photographer. SLR/Professional cameras are usually larger, but offer more advanced features and detachable lenses for the photography enthusiast or professional.",
        "Digital\nThere are several different types of digital cameras. Compact and Ultra-compact are light, pocket-sized cameras that are easy to carry, usually with a built-in lens. Standard point-and-shoot cameras are of medium size, usually come with a built-in lens, and have basic features that are useful for the casual photographer. SLR/Professional cameras are usually larger, but offer more advanced features and detachable lenses for the photography enthusiast or professional."
    ],
    "camera type": [
        "SLR\nCompatible Brand",
        "SLR\nCompatible Brand"
    ],
    "catalog number": "OPT-650-2600-PEN",
    "compatible brand": [
        "Canon",
        "Canon"
    ],
    "focus type": "Manual\nMaximum Aperture",
    "manufacturer": "Opteka",
    "model": "0.20x",
    "part number": "OPT-650-2600-PEN",
    "specs": "More details: Description:",
    "type": [
        "Fisheye\nCamera Technology",
        "Fisheye\nCamera Technology"
    ],
    "upc": "0084438999457",
    "weight": "0 pounds"
}