{
    "<page title>": "CamMarkt | Nikon D610 24.3 MP CMOS FX-Format Digital SLR Camera Bundle with",
    "brand": [
        "Nikon",
        "Nikon"
    ],
    "catalog number": "136136,13306",
    "depth": "3.2 in.",
    "display rotation": "Built-in\nDiagonal Screen Size is the size of your TV screen, measured diagonally in inches.",
    "display type": "TFT LCD",
    "flash type": "Pop-up Flash",
    "focal length range": "24mm - 85mm",
    "height": "4.4 in.\nDisplay Rotation",
    "lens for sd": "AF-S 24-85mm and 70-300mm VR lenses\nTelephoto lenses give you the flexibility to enlarge your subject despite long distances.",
    "lens type": "Zoom lens",
    "light sensitivity": "ISO 100-6400",
    "light sensitivity max": "25600",
    "manufacturer": "NIKO9",
    "megapixels": "24.3 MP\nThe optical zoom ratio of a digital camera measures how much the lens can actually zoom in to make subjects appear closer. Be careful to not confuse optical zoom with digital zoom. Optical zoom actually enlarges a picture while keeping the resolution and sharpness of the picture high.",
    "model": "D610",
    "optical viewfinder type": "Fixed eye-level pentaprism",
    "optical zoom": "3.5x",
    "part number": "13306",
    "red eye reduction": "Yes\nViewfinder Type",
    "screen size": "3.2'\nLCD stands for 'Liquid Crystal Display.' This is the small screen on the back of a camera that digitally displays the same image you would see through the viewfinder. On many cameras you can also review the pictures stored in the camera's memory on the LCD Panel.",
    "specs": "More details: Description:",
    "type": "Digital SLR",
    "viewfinder type": "Optical\nOptical Viewfinder Type",
    "weight": [
        "7 pounds",
        "26.8 Oz."
    ],
    "width": "5.6 in."
}