{
    "<page title>": "Canon EOS 7D Mark II Black SLR Digital Camera Body Only (20.2 MP, CF/SD Card Slot) Price Comparison at Buy.net",
    "analog video out": "Yes",
    "autofocus points": "65",
    "battery builtin": "No",
    "battery include": "Yes",
    "battery model supported": "LP-E6N / LP-E6",
    "battery rechargeable": "Yes",
    "brand name": "Canon",
    "builtin flash": "Yes",
    "exposure control": "Program AE Aperture Priority Shutter Priority Manual",
    "gps": "Yes",
    "hd movie mode": "Yes",
    "iso sensitivity": "ISO 51200",
    "language support": "Japanese",
    "longest shutter speed": "30 Second",
    "maximum diopter adjustment": "1",
    "maximum frame rate": "60 fps",
    "minimum diopter adjustment": "-3",
    "number of batteries support": "1",
    "parent product type": "Digital Camera",
    "pictbridge": "Yes",
    "product line": "EOS",
    "product model": "7D Mark II",
    "self timer": "10 Second",
    "shortest shutter speed": "1/8000 Second",
    "viewfinder type": "SLR",
    "white balance modes": "Auto (AWB) Daylight Shade Cloudy, Twilight, Sunset Tungsten Light White Fluorescent Light Flash Custom (Custom WB) Color temperature"
}