{
    "<page title>": "Coleman 2V7WPO Orange Digital Camera (14 MP, SDHC/microSD Card Slot) Price Comparison at Buy.net",
    "camera body only": "Body Only",
    "camera type": "Point & Shoot Digital Camera",
    "depth": "1.1 in",
    "digital zoom": "8 X",
    "effective megapixels": "14 pixels",
    "environmental protection": "Water Proof|Shock Resistant|Freeze Proof",
    "height": "2.5 in",
    "image sensor": "CMOS",
    "interface connection": "USB",
    "lcd screen size": "2.7 in",
    "max aperture": "2.8 1/f",
    "maximum video capture resolution": "640 x 480 (VGA)",
    "memory card support": "Secure Digital High Capacity (SDHC) Card|microSD Card",
    "url": "http://www.coleman.com/Home",
    "warranty information": "1 year(s)",
    "weight": "6.4 oz",
    "width": "3.8 in"
}