{
    "<page title>": "Fujifilm FinePix T400 16 Megapixel Compact Camera - Blue (3\" LCD - 10x Optical Zoom - Optical IS - 4608 X 3440 Image - 1280 X 720 Video - PictBridge - HD Movie Mode) Price Comparison at Buy.net",
    "analog video out": "Yes",
    "battery builtin": "No",
    "battery include": "Yes",
    "battery model supported": "NP-45A / NP-45B",
    "battery rechargeable": "Yes",
    "brand name": "Fujifilm",
    "builtin flash": "Yes",
    "camera modes": "Shooting Modes:SR AutoAutoNatural Light & with FlashNatural LightPortraitBabySmile & ShootLandscapeMotion PanoramaSportNightNight (Tripod)FireworksSunsetSnowBeachPartyFlowerText",
    "camera type": "Compact Camera",
    "depth": "1.1 in",
    "digital zoom": "7.2x",
    "effective megapixels": "16 Megapixel",
    "exposure control": "Programmed AE",
    "flash": "Auto Flash|Flash ON|Flash OFF|Slow Sync|Red-eye Reduction",
    "focal length": "5 mm to 50 mm",
    "focal length 35mm equivalent": [
        "28 mm to 280 mm",
        "28 mm to 280 mm"
    ],
    "gps": "No",
    "green compliance": "RoHS|REACH",
    "hd movie mode": "Yes",
    "height": "2.3 in",
    "image sensor": "CCD",
    "image stabilization": "Optical",
    "iso sensitivity": "ISO 3200",
    "lcd screen size": "3 in",
    "lens construction": "10 Elements in 8 Groups",
    "longest shutter speed": "8 Second",
    "maximum diopter adjustment": "No",
    "maximum frame rate": "30 fps",
    "maximum video capture resolution": "1280 x 720",
    "memory card support": "Secure Digital (SD) Card|Secure Digital High Capacity (SDHC) Card|Secure Digital Extended Capacity (SDXC)",
    "minimum diopter adjustment": "No",
    "normalizeddigital zoom": "7.2",
    "normalizedheight": "58.42",
    "normalizedoptical zoom": "10",
    "normalizedweight": "5.00",
    "number of batteries support": "1",
    "optical zoom": "10 X",
    "pictbridge": "Yes",
    "product line": "FinePix",
    "product model": "T400",
    "product series": "T",
    "shortest shutter speed": "1/2000 Second",
    "url": "http://www.fujifilm.com",
    "viewfinder type": "No",
    "warranty information": "1 Year Limited",
    "weight": "5.00 oz",
    "white balance modes": "Automatic Scene RecognitionFineShadeFluorescent Light (Daylight)Fluorescent Light (Warm White)Fluorescent Light (Cool White)Incandescent Light",
    "wide angle": "Yes",
    "width": "4.1 in"
}