{
    "<page title>": "Nikon Coolpix S800c White Digital Camera (16 Megapixel - 3.5\" Touchscreen OLED - 10x Optical Zoom - Optical, Electronic IS - 4608 X 3456 Image - 1920 X 1080 Video - HDMI - PictBridge - HD Movie Mode) Price Comparison at Buy.net",
    "camera type": "Compact Camera",
    "depth": "1.1 in",
    "digital zoom": "4x",
    "effective megapixels": "16 Megapixel",
    "flash": "Auto Flash|Pre-flash",
    "focal length": "4.50 mm to 45 mm",
    "focal length 35mm equivalent": "25 mm to 250 mm",
    "green compliance": "RoHS|WEEE",
    "height": "2.4 in",
    "image sensor": "CMOS",
    "image stabilization": "Optical|Electronic",
    "lcd screen size": "3.5 in",
    "maximum video capture resolution": "1920 x 1080",
    "memory card support": "Secure Digital (SD) Card|Secure Digital High Capacity (SDHC) Card",
    "optical zoom": "10 X",
    "total pixels": "16800000",
    "url": "http://www.nikon.com",
    "warranty information": "1 Year",
    "weight": "6.50 oz",
    "width": "4.4 in"
}