{
    "<page title>": "Vivitar ViviCam S325 16.1 Megapixel Compact Camera - Silver (2.4\" LCD - 3x Optical Zoom - 4890 X 3270 Image - 640 X 480 Video - PictBridge) Price Comparison at Buy.net",
    "brand name": "Vivitar",
    "builtin flash": "Yes",
    "camera type": "Compact Camera",
    "digital zoom": "4x",
    "effective megapixels": "16.1 Megapixel",
    "flash": "Red-eye Reduction",
    "hd movie mode": "No",
    "lcd screen size": "2.4 in",
    "maximum diopter adjustment": "No",
    "maximum video capture resolution": "640 x 480",
    "memory card support": "Secure Digital (SD) Card",
    "minimum diopter adjustment": "No",
    "normalizeddigital zoom": "4",
    "normalizedoptical zoom": "3",
    "number of batteries support": "1",
    "optical zoom": "3 X",
    "pictbridge": "Yes",
    "product line": "ViviCam",
    "product model": "S325",
    "url": "http://www.sakar.com",
    "viewfinder type": "No",
    "warranty information": "1 Year Limited"
}