{
    "<page title>": "Samsung Galaxy GC120 16.3 Megapixel Compact Camera - Cobalt Black (4.8\" Touchscreen LCD - 21x Optical Zoom - Optical IS - 4608 X 3456 Image - 1920 X 1080 Video - HDMI - HD Movie Mode) Price Comparison at Buy.net",
    "camera body only": "Body Only",
    "camera type": "Compact Camera",
    "depth": "0.8 in",
    "effective megapixels": "16.3 Megapixel",
    "flash": "Auto Flash|Flash ON|Flash OFF|Slow Sync|Red-eye Reduction",
    "focal length": "4.10 mm to 86.10 mm",
    "focal length 35mm equivalent": "23 mm to 483 mm",
    "gps enabled": "Yes",
    "height": "2.8 in",
    "image sensor": "CMOS",
    "image stabilization": "Optical",
    "installed memory": "8 GB",
    "interface connection": "USB|HDMI",
    "lcd screen size": "4.8 in",
    "max aperture": "2.8 1/f",
    "maximum video capture resolution": "1920 x 1080",
    "memory card support": "microSD Card|microSDHC Card|microSD Extended Capacity (microSDXC)",
    "optical zoom": "21 X",
    "total pixels": "17000000",
    "url": "http://www.samsungusa.com",
    "warranty information": "1 Year",
    "weight": "10.70 oz",
    "width": "5.1 in",
    "wifi": "Yes"
}