{
    "<page title>": "Nikon D5300 Black SLR Digital Camera Kit W/ 18-140 Mm VR Lens (24.2 MP, SD/SDHC/SDXC Card Slot) Price Comparison at Buy.net",
    "camera body only": "Body with Lens Kit",
    "camera type": "Digital SLR Camera",
    "depth": "3 in",
    "effective megapixels": "24.2 Megapixel",
    "flash": "Accessory Shoe|Built-in Flash",
    "focal length": "18-140",
    "gps enabled": "Yes",
    "height": "3.9 in",
    "image sensor": "CMOS",
    "image stabilization": "Optical",
    "interface connection": "Audio - Line In (1/8\" Mini)|HDMI|USB",
    "lcd screen size": "3.2 in",
    "lens mount": "Nikon F",
    "max aperture": "3.5 1/f",
    "maximum video capture resolution": "1920 x 1080",
    "memory card support": "Secure Digital (SD) Card|Secure Digital Extended Capacity (SDXC)|Secure Digital High Capacity (SDHC) Card",
    "optical zoom": "7.8 X",
    "total pixels": "24.78 Megapixel",
    "url": "http://www.nikonusa.com/en/Nikon-Products/Product/Digital-SLR-Cameras/1519/D5300.html",
    "weight": "16.9 oz",
    "width": "4.92 in",
    "wifi": "Yes"
}