{
    "<page title>": "Sony Alpha SLTA77VM Black SLR Digital Camera Kit W/ 18*135mm Lens (24.3 MP, 7.5x Opt, Memory Stick PRO Duo/Pro-HG Duo/PRO-HG HX Duo/SD/SDHC/SDXC Card Slot) Price Comparison at Buy.net",
    "camera body only": "Body with Lens Kit",
    "camera type": "Mirrorless Camera",
    "depth": "3.2 in",
    "digital zoom": "No",
    "effective megapixels": "24.3 Megapixel",
    "flash": "Auto Flash|Flash ON|Flash OFF|High Speed Sync|Rear Curtain Sync|Red-eye Reduction|Slow Sync|Wireless Flash",
    "focal length": "18 mm to 135 mm (Lens 1)",
    "focal length 35mm equivalent": "27 mm to 202.50 mm (Lens 1)",
    "height": "4.1 in",
    "image sensor": "Exmor APS HD CMOS sensor",
    "image stabilization": "Optical",
    "lcd screen size": "3 in",
    "lens mount": "A-mount",
    "maximum video capture resolution": "1920 x 1080",
    "memory card support": "Secure Digital (SD) Card|Secure Digital Extended Capacity (SDXC)|Secure Digital High Capacity (SDHC) Card|Memory Stick PRO Duo|Memory Stick PRO-HG Duo|Eye-Fi Card",
    "optical zoom": "7.5 X",
    "total pixels": "24700000",
    "url": "http://www.sony.com",
    "warranty information": "1 Year Limited",
    "weight": "1.44 lbs",
    "width": "5.6 in"
}