{
    "<page title>": "Nikon COOLPIX S9500 Black Digital Camera (18.1 MP, 22x Opt, SD/SDHC/SDXC Card Slot) Price Comparison at Buy.net",
    "camera type": "Compact Camera",
    "depth": "1.2 in",
    "digital zoom": "4x",
    "effective megapixels": "18.1 Megapixel",
    "flash": "Auto Flash|Pre-flash",
    "focal length": "4.50 mm to 99 mm",
    "focal length 35mm equivalent": "25 mm to 550 mm",
    "green compliance": "RoHS|WEEE",
    "height": "2.4 in",
    "image sensor": "CMOS",
    "image stabilization": "Optical",
    "lcd screen size": "3 in",
    "maximum video capture resolution": "1920 x 1080",
    "memory card support": "Secure Digital (SD) Card|Secure Digital High Capacity (SDHC) Card|Secure Digital Extended Capacity (SDXC)",
    "optical zoom": "22 X",
    "total pixels": "18900000",
    "url": "http://www.nikon.com",
    "warranty information": "1 Year",
    "weight": "7.23 oz",
    "width": "4.3 in"
}