{
    "<page title>": "Nikon Coolpix S3600 Black Digital Camera (20.1 MP, 8x Opt, SD/SDHC/SDXC Card Slot) Price Comparison at Buy.net",
    "camera type": "Point & Shoot Digital Camera",
    "depth": "0.8 in",
    "digital zoom": "4 X",
    "effective megapixels": "20,100,000 pixels",
    "flash": "Built-in Flash",
    "focal length": "4.5 mm to 36.0 mm",
    "focal length 35mm equivalent": "25 mm to 200 mm",
    "height": "2.3 in",
    "image sensor": "CCD",
    "installed memory": "25 MB",
    "interface connection": "Video - Out (Unspecified)|USB|Audio - Line Out (1/8\" Mini)",
    "lcd screen size": "2.7 in",
    "max aperture": "3.7 1/f",
    "maximum video capture resolution": "1280 x 720",
    "memory card support": "Secure Digital High Capacity (SDHC) Card|Secure Digital Extended Capacity (SDXC)|Secure Digital (SD) Card",
    "optical zoom": "8 X",
    "total pixels": "20,480,000 pixels",
    "url": "http://www.nikonusa.com/en/Nikon-Products/Product/Compact-Digital-Cameras/26452/COOLPIX-S3600.html?btnstyle=true",
    "warranty information": "1 year(s)",
    "weight": "4.5 oz",
    "width": "3.9 in"
}