{
    "<page title>": "Canon PowerShot 115 IS 16 Megapixel Compact Camera - Pink (2.7\" LCD - 8x Optical Zoom - Optical IS - 4608 X 3456 Image - 1280 X 720 Video - PictBridge - HD Movie Mode) Price Comparison at Buy.net",
    "analog video out": "Yes",
    "battery builtin": "No",
    "battery include": "Yes",
    "battery model supported": "NB-11L",
    "battery rechargeable": "Yes",
    "brand name": "Canon",
    "builtin flash": "Yes",
    "camera modes": "Shooting Modes:AutoPortraitSmart ShutterLow LightFisheye EffectMiniature EffectToy Camera EffectMonochromeSuper VividPoster EffectColor AccentColor SwapSnowFireworksLong ShutterStitch Assist",
    "camera type": "Compact Camera",
    "depth": "0.9 in",
    "digital zoom": "4x",
    "effective megapixels": "16 Megapixel",
    "exposure control": "Program AE",
    "flash": "Auto Flash|Flash OFF|Flash ON|Slow Sync|Red-eye Reduction",
    "focal length": "5 mm to 40 mm",
    "focal length 35mm equivalent": [
        "28 mm to 224 mm",
        "28 mm to 224 mm"
    ],
    "green compliance": "WEEE|RoHS|REACH",
    "hd movie mode": "Yes",
    "height": "2.1 in",
    "image sensor": "CCD",
    "image stabilization": "Optical",
    "iso sensitivity": "ISO 1600",
    "lcd screen size": "2.7 in",
    "longest shutter speed": "15 Second",
    "maximum diopter adjustment": "No",
    "maximum frame rate": "30 fps",
    "maximum video capture resolution": "1280 x 720",
    "memory card support": "Secure Digital (SD) Card|Secure Digital Extended Capacity (SDXC)|Secure Digital High Capacity (SDHC) Card",
    "minimum diopter adjustment": "No",
    "normalizeddigital zoom": "4",
    "normalizedheight": "53.34",
    "normalizedoptical zoom": "8",
    "normalizedweight": "4.13",
    "number of batteries support": "1",
    "optical zoom": "8 X",
    "parent product type": "Digital Camera",
    "pictbridge": "Yes",
    "product line": "PowerShot",
    "product model": "115 IS",
    "product series": "ELPH",
    "shortest shutter speed": "1/2000 Second",
    "total pixels": "16600000",
    "url": "http://www.usa.canon.com",
    "viewfinder type": "No",
    "warranty information": "1 Year",
    "weight": "4.13 oz",
    "white balance modes": "AutoDaylightCloudyTungstenFluorescentFluorescent HCustom",
    "wide angle": "Yes",
    "width": "3.7 in"
}