{
    "<page title>": "Kodak PIXPRO AZ251 Bridge Digital Camera - 16MP 25X Optical Zoom HD720p -Black 16.15 Price Comparison at Buy.net",
    "analog video out": "Yes",
    "autofocus points": "9",
    "battery builtin": "No",
    "brand name": "Kodak",
    "builtin flash": "Yes",
    "camera modes": "Shooting Modes: Auto Face Beautifier Panorama Movie CS Landscape Scene Modes: Auto Sport Beach Sunset Fireworks Night Landscape Sketch Snow Children ID Glass Photo Frame Panning Shot Portrait Fish Eye Party Indoor Leaf Museum Night Portrait Pet (Dog) Pet (Cat)",
    "exposure control": "Program AE Shutter Priority AE Aperture Priority AE Manual",
    "focal length 35mm equivalent": "24 mm to 600 mm",
    "hd movie mode": "Yes",
    "iso sensitivity": "ISO 3200",
    "lens construction": "12 Elements in 11 Groups",
    "longest shutter speed": "30 Second",
    "maximum diopter adjustment": "No",
    "maximum frame rate": "30 fps",
    "minimum diopter adjustment": "No",
    "number of batteries support": "4",
    "parent product type": "Digital Camera",
    "parent retsku": "B00CD7UQ8E",
    "pictbridge": "Yes",
    "product line": "PIXPRO",
    "product model": "AZ251",
    "shortest shutter speed": "1/2000 Second",
    "viewfinder type": "No",
    "white balance modes": "Auto Daylight Cloudy Flourescent Flourescent CWF Incandescent Manual Color Temperature Setting (1900K ~ 10000K)",
    "wide angle": "Yes"
}