{
    "<page title>": "Sony Cyber-shot DSC-TX30 18.2 Megapixel Compact Camera - Orange (3.3\" Touchscreen OLED - 5x Optical Zoom - Optical IS - 4896 X 3672 Image - 1920 X 1080 Video - HDMI - HD Movie Mode) Price Comparison at Buy.net",
    "analog video out": "Yes",
    "battery builtin": "No",
    "battery include": "Yes",
    "battery model supported": "NP-BN",
    "battery rechargeable": "Yes",
    "brand name": "Sony",
    "builtin flash": "Yes",
    "camera modes": "Scene Modes:High SensitivitySoft SnapSoft SkinLandscapeNight PortraitNight SceneHandheld TwilightGourmetBeachSnowFireworksPet ModeAnti-Motion BlurBacklight Correction HDRUnderwaterHigh Speed Shutter",
    "camera type": "Compact Camera",
    "depth": "0.6 in",
    "digital zoom": "2x",
    "effective megapixels": "18.2 Megapixel",
    "environmental protection": "Water Proof|Shock Proof|Dust Proof|Freeze Proof",
    "exposure control": "Program AE",
    "flash": "Auto Flash|Flash OFF|Flash ON|Slow Sync|Advanced Flash|Red-eye Reduction",
    "focal length": "4.70 mm to 23.50 mm",
    "focal length 35mm equivalent": [
        "37 mm to 185 mm",
        "37 mm to 185 mm"
    ],
    "gps": "No",
    "green compliance": "RoHS",
    "hd movie mode": "Yes",
    "height": "2.3 in",
    "image sensor": "Exmor R CMOS",
    "image stabilization": "Optical",
    "iso sensitivity": "ISO 12800",
    "lcd screen size": "3.3 in",
    "lens construction": "12 Elements in 10 Groups",
    "longest shutter speed": "4 Second",
    "maximum diopter adjustment": "No",
    "maximum frame rate": "60 fps",
    "maximum video capture resolution": "1920 x 1080",
    "memory card support": "microSD Card|microSDHC Card|Memory Stick Micro|Memory Stick Micro (M2)",
    "minimum diopter adjustment": "No",
    "normalizeddigital zoom": "2",
    "normalizedheight": "58.42",
    "normalizedoptical zoom": "5",
    "normalizedweight": "4.41",
    "number of batteries support": "1",
    "optical zoom": "5 X",
    "product line": "Cyber-shot",
    "product model": "DSC-TX30",
    "self timer": "10 Second",
    "shortest shutter speed": "1/1600 Second",
    "total pixels": "18900000",
    "url": "http://www.sony.com",
    "viewfinder type": "No",
    "warranty information": "1 Year",
    "weight": "4.41 oz",
    "white balance modes": "AutoDaylightCloudyFluorescent 1 (White Fluorescent Lighting)Fluorescent 2 (Natural White Fluorescent Lighting)Fluorescent 3 (Day White Fluorescent Lighting)IncandescentFlashOne PushOne Push Set",
    "wide angle": "Yes",
    "width": "3.8 in",
    "you are reviewing": "Sony Cyber-shot DSC-TX30 18.2 Megapixel Compact Camera - Orange"
}