{
    "<page title>": "Fuji Blowers FinePix T550 16 Megapixel Compact Camera - Black (3\" LCD - 12x Optical Zoom - Optical IS - 4608 X 3440 Image - 1280 X 720 Video - PictBridge - HD Movie Mode) Price Comparison at Buy.net",
    "battery builtin": "No",
    "battery include": "Yes",
    "battery model supported": "NP-45A / NP-45B",
    "battery rechargeable": "Yes",
    "brand name": "Fujifilm",
    "builtin flash": "Yes",
    "camera modes": "Shooting Modes:SR AUTOAUTONatural Light and with FlashNatural LightPortraitBaby ModeSmile and ShootLandscapeAdvanced FilterMotion PanoramaSportNightNight (Tripod)FireworksSunsetSnowBeachPartyFlowerTextIndividual Shutter 3D",
    "camera type": "Compact Camera",
    "depth": "1.0 in",
    "digital zoom": "2x",
    "effective megapixels": "16 Megapixel",
    "exposure control": "Program AE",
    "flash": "Auto Flash|Flash OFF|Flash ON|Suppressed Flash|Slow Sync|Red-eye Reduction",
    "focal length": "4.30 mm to 51.60 mm",
    "focal length 35mm equivalent": [
        "24 mm to 288 mm",
        "24 mm to 288 mm"
    ],
    "gps": "No",
    "green compliance": "REACH|WEEE",
    "hd movie mode": "Yes",
    "height": "2.2 in",
    "image sensor": "CCD",
    "image stabilization": "Optical",
    "iso sensitivity": "ISO 6400",
    "lcd screen size": "3 in",
    "lens construction": "9 Elements in 9 Groups",
    "longest shutter speed": "8 Second",
    "maximum diopter adjustment": "No",
    "maximum frame rate": "30 fps",
    "maximum video capture resolution": "1280 x 720",
    "memory card support": "Secure Digital (SD) Card|Secure Digital High Capacity (SDHC) Card|Secure Digital Extended Capacity (SDXC)",
    "minimum diopter adjustment": "No",
    "normalizeddigital zoom": "2",
    "normalizedheight": "55.88",
    "normalizedoptical zoom": "12",
    "normalizedweight": "4.37",
    "number of batteries support": "1",
    "optical zoom": "12 X",
    "parent product type": "Digital Camera",
    "parent retsku": "B00AWN82ZA",
    "pictbridge": "Yes",
    "product line": "FinePix",
    "product model": "T550",
    "product series": "T",
    "shortest shutter speed": "1/2000 Second",
    "url": "http://www.fujifilm.com",
    "viewfinder type": "No",
    "warranty information": "1 Year",
    "weight": "4.37 oz",
    "white balance modes": "Automatic Scene RecognitionFineShadeFluorescent Light (Daylight)Fluorescent Light (Warm White)Fluorescent Light (Cool White)Incandescent Light",
    "wide angle": "Yes",
    "width": "3.9 in"
}