{
    "<page title>": "Sony Cyber-shot DSC-H400 20.1 Megapixel Compact Camera - Black (3\" LCD - 63x Optical Zoom - Optical IS - 5152 X 3864 Image - 1280 X 720 Video - HD Movie Mode) Price Comparison at Buy.net",
    "camera type": "Compact Camera",
    "depth": "4.8 in",
    "digital zoom": "126x",
    "effective megapixels": "20.1 Megapixel",
    "flash": "Auto Flash|Flash ON|Flash OFF|Slow Sync|Advanced Flash|Flash Exposure Compensation|Red-eye Reduction",
    "focal length": "4.40 mm to 277 mm",
    "focal length 35mm equivalent": "32.10 mm to 2029 mm",
    "height": "3.7 in",
    "image sensor": "Super HAD CCD",
    "image stabilization": "Optical",
    "lcd screen size": "3 in",
    "maximum video capture resolution": "1280 x 720",
    "memory card support": "Memory Stick Duo|Memory Stick PRO Duo|Memory Stick PRO High Speed|Memory Stick PRO-HG Duo|Secure Digital (SD) Card|Secure Digital High Capacity (SDHC) Card|Secure Digital Extended Capacity (SDXC)|Memory Stick Micro|Memory Stick Micro (M2)|microSD Card|microSDHC Card|microSD Extended Capacity (microSDXC)",
    "optical zoom": "63 X",
    "total pixels": "20400000",
    "url": "http://www.sony.com",
    "warranty information": "1 Year",
    "weight": "6.20 oz",
    "width": "5.1 in"
}