{
    "<page title>": "Olympus PEN E-P2 12.3 Megapixel Mirrorless Camera Body Only - Black (3\" LCD - 4032 X 3024 Image - 1280 X 720 Video - HDMI - HD Movie Mode) Price Comparison at Buy.net",
    "autofocus points": "11",
    "battery builtin": "No",
    "battery include": "Yes",
    "battery rechargeable": "Yes",
    "brand name": "Olympus",
    "camera body only": "Body Only",
    "camera modes": "Scene Modes:PortraitLandscapeMacroSportNight + PortraitChildrenHigh KeyLow KeyDIS ModeNatureDocumentsPanoramaBeach & Snow",
    "camera type": "Mirrorless Camera",
    "depth": "1.4 in",
    "effective megapixels": "12.3 Megapixel",
    "flash": "Auto Flash|Flash OFF|Flash ON|Red-eye Reduction",
    "focal length": "No",
    "hd movie mode": "Yes",
    "height": "2.8 in",
    "image stabilization": "Optical",
    "interface connection": "1 x Proprietary|1 x HDMI Digital Audio/Video Out",
    "iso sensitivity": "ISO 6400",
    "language support": "Thai",
    "lcd screen size": "3 in",
    "lens construction": "Not Applicable",
    "longest shutter speed": "60 Second",
    "maximum frame rate": "30 fps",
    "maximum image resolution": "4032 x 3024",
    "maximum video capture resolution": "1280 x 720",
    "memory card support": "Secure Digital (SD) Card|Secure Digital High Capacity (SDHC) Card",
    "normalizedheight": "0.00275",
    "normalizedweight": "11.10",
    "number of batteries support": "1",
    "product line": "PEN",
    "product model": "E-P2",
    "shortest shutter speed": "1/4000 Second",
    "software included": "Olympus Master",
    "total pixels": "13100000",
    "url": "http://www.olympusamerica.com",
    "viewfinder type": "No",
    "warranty information": "1 Year Limited",
    "weight": "11.10 oz",
    "wide angle": "No",
    "width": "4.7 in"
}