{
    "<page title>": "Coleman Xtreme C5WP 12 Megapixel Compact Camera - Green (2.7\" LCD - 4032 X 3024 Image - 640 X 480 Video) Price Comparison at Buy.net",
    "battery model supported": "NP-20",
    "brand name": "Coleman",
    "builtin flash": "Yes",
    "camera modes": "Scene Modes:AutoSceneryNightPortraitSportsPartyBeachHigh SensitivityUnderwater",
    "exposure control": "Programmed Auto Exposure",
    "hd movie mode": "No",
    "iso sensitivity": "ISO 400",
    "maximum diopter adjustment": "No",
    "maximum frame rate": "30 fps",
    "minimum diopter adjustment": "No",
    "number of batteries support": "1",
    "parent product type": "Digital Camera",
    "product line": "Xtreme",
    "product model": "C5WP",
    "viewfinder type": "No",
    "white balance modes": "AutoSunnyCloudyFluorescentIncandescent",
    "wide angle": "Yes"
}