{
    "<page title>": "Panasonic Lumix DMC-XS1 16.1 Megapixel Compact Camera - Red (2.7\" LCD - 5x Optical Zoom - Optical IS - 4608 X 3456 Image - 1280 X 720 Video - PictBridge - HD Movie Mode) Price Comparison at Buy.net",
    "analog video out": "Yes",
    "autofocus points": "9",
    "battery builtin": "No",
    "battery include": "Yes",
    "battery rechargeable": "Yes",
    "brand name": "Panasonic",
    "builtin flash": "Yes",
    "camera modes": "Scene Modes:PortraitSoft SkinScenerySportsNight PortraitNight SceneryFoodBaby1Baby2PetSunsetHigh SensitivityGlass ThroughPhoto FrameStarry Sky",
    "camera type": "Compact Camera",
    "depth": "0.7 in",
    "digital zoom": "4x",
    "effective megapixels": "16.1 Megapixel",
    "exposure control": "Program AE",
    "flash": "Red-eye Fix|Red-eye Reduction|Auto Flash|Flash ON|Flash OFF|Slow Sync",
    "focal length": "4.30 mm to 21.50 mm",
    "focal length 35mm equivalent": [
        "24 mm to 120 mm",
        "24 mm to 120 mm"
    ],
    "gps": "No",
    "hd movie mode": "Yes",
    "height": "2.1 in",
    "image sensor": "CCD",
    "image stabilization": "Optical",
    "iso sensitivity": "ISO 6400",
    "language support": "Dutch",
    "lcd screen size": "2.7 in",
    "lens construction": "6 Elements in 5 Groups",
    "longest shutter speed": "60 Second",
    "maximum diopter adjustment": "No",
    "maximum frame rate": "30 fps",
    "maximum video capture resolution": "1280 x 720",
    "memory card support": "microSD Card|microSDHC Card|Secure Digital (SD) Card|Secure Digital High Capacity (SDHC) Card|Secure Digital Extended Capacity (SDXC)",
    "minimum diopter adjustment": "No",
    "normalizeddigital zoom": "4",
    "normalizedheight": "53.34",
    "normalizedoptical zoom": "5",
    "normalizedweight": "3.10",
    "number of batteries support": "1",
    "optical zoom": "5 X",
    "parent product type": "Digital Camera",
    "pictbridge": "Yes",
    "product line": "Lumix",
    "product model": "DMC-XS1",
    "product series": "XS",
    "shortest shutter speed": "1/1600 Second",
    "software included": "Photofunstudio 9.0 LEAdobe Reader",
    "total pixels": "16600000",
    "url": "http://www.panasonic.com",
    "viewfinder type": "No",
    "warranty information": "1 Year",
    "weight": "3.10 oz",
    "white balance modes": "AutoDaylightCloudyShadeIncandescentWhite Set",
    "wide angle": "Yes",
    "width": "3.7 in"
}