{
    "<page title>": "Fujitsu S9200 Black Digital Camera (16.2 MP, 50x Opt, SD/SDHC/SDXC Card Slot, 38 MB) Price Comparison at Buy.net",
    "camera type": "Point & Shoot Digital Camera",
    "depth": "4.6 in",
    "digital zoom": "2 X",
    "effective megapixels": "16200000 pixels",
    "flash": "Built-in Flash|Accessory Shoe",
    "focal length": "4.3 mm to 215 mm",
    "focal length 35mm equivalent": "24 mm to 1200 mm",
    "height": "3.4 in",
    "image sensor": "CMOS",
    "image stabilization": "Sensor Shift",
    "installed memory": "38 MB",
    "interface connection": "USB|HDMI",
    "lcd screen size": "3 in",
    "lens mount": "Fujifilm X",
    "max aperture": "2.9 1/f",
    "maximum video capture resolution": "1920 x 1080",
    "memory card support": "Secure Digital High Capacity (SDHC) Card|Secure Digital Extended Capacity (SDXC)|Secure Digital (SD) Card",
    "optical zoom": "50 X",
    "total pixels": "16790000 pixels",
    "url": "https://www.fujifilmusa.com/products/digital_cameras/s/finepix_s9200/",
    "warranty information": "1 year(s)",
    "weight": "20.3 oz",
    "width": "4.8 in"
}