{
    "<page title>": "Canon PowerShot SX160 IS Red Digital Camera (16 MP, 16x Opt, SD/SDHC/SDXC Card Slot) Price Comparison at Buy.net",
    "camera type": "Compact Camera",
    "depth": "1.7 in",
    "digital zoom": "4x",
    "effective megapixels": "16 Megapixel",
    "flash": "Auto Flash|Flash ON|Flash OFF|Red-eye Reduction|Slow Sync",
    "focal length": "5 mm to 80 mm",
    "focal length 35mm equivalent": "28 mm to 448 mm",
    "height": "2.9 in",
    "image sensor": "CCD",
    "image stabilization": "Optical",
    "interface connection": "HDMI|USB|Video - Out (Unspecified)",
    "lcd screen size": "3 in",
    "max aperture": "3.5 1/f",
    "maximum video capture resolution": "1280 x 720",
    "memory card support": "Secure Digital (SD) Card|Secure Digital Extended Capacity (SDXC)|Secure Digital High Capacity (SDHC) Card|Eye-Fi Card",
    "optical zoom": "16 X",
    "total pixels": "16600000",
    "url": "http://www.usa.canon.com",
    "warranty information": "1 Year",
    "weight": "8.57 oz",
    "width": "4.4 in"
}