{
    "<page title>": "Nikon 1 AW1 Mirrorless Digital Camera With 11-27.5mm Lens (White) Price Comparison at Buy.net",
    "autofocus points": "135",
    "battery builtin": "No",
    "battery include": "Yes",
    "battery model supported": "EN-EL20",
    "battery rechargeable": "Yes",
    "brand name": "Nikon",
    "builtin flash": "Yes",
    "camera modes": "Shooting Modes: Advanced Movie Mode Auto Photo Mode Best Moment Capture Mode Creative Mode Motion Snapshot Scene Modes: Auto Portrait Landscape Night Landscape Night Portrait Close-up Underwater",
    "exposure control": "Program AE Shutter Priority AE Aperture Priority AE Manual",
    "focal length 35mm equivalent": "30 mm to 74 mm (Lens 1)",
    "gps": "Yes",
    "green compliance": "Yes",
    "hd movie mode": "Yes",
    "iso sensitivity": "ISO 6400",
    "language support": "Vietnamese",
    "lens construction": "8 Elements in 6 Groups",
    "longest shutter speed": "30 Second",
    "maximum frame rate": "1200 fps",
    "number of batteries support": "1",
    "parent product type": "Digital Camera",
    "parent retsku": "B00FACNXHK",
    "pictbridge": "Yes",
    "product line": "1",
    "product model": "AW1",
    "self timer": "10 Second",
    "shortest shutter speed": "1/16000 Second",
    "software included": "ViewNX 2 Short Movie Creator",
    "white balance modes": "Auto Incandescent Fluorescent Direct Sunlight Flash Cloudy Shade Preset Manual Underwater All Except Preset Manual with Fine Tuning",
    "wide angle": "Yes"
}