{
    "<page title>": "Fuji Blowers FinePix F40fd 8.3 Megapixel Compact Camera - Silver (2.5\" LCD - 3x Optical Zoom - 3504 X 2336 Image - 640 X 480 Video - PictBridge) Price Comparison at Buy.net",
    "battery builtin": "No",
    "battery include": "Yes",
    "brand name": "Fujifilm",
    "bulb setting": "No",
    "camera modes": "Shooting Modes:Normal:AutoPicture StabilizationScene PositionMacroMovieBurst/ContinuousSpecial:Natural LightNatural Light & with FlashPosition:PortraitLandscapeSportNightFireworksSunsetSnowBeachUnderwaterMuseumPartyFlowerClose-UpTextContinuous:Top-2 ( max.1.3 frames/sec., up to 2 frames)Final-2 ( max.1.3 frames/sec)Long-period ( max.0.6frame/sec. Up to memory card size)Color Modes:Black & WhiteChromeStandard",
    "camera type": "Compact Camera",
    "continuous shooting speed": "1.3 frames/s (fps)",
    "depth": "0.9 in",
    "digital zoom": "6.9x",
    "effective megapixels": "8.3 Megapixel",
    "exposure control": "Program AE",
    "exposure settings": "Auto Exposure|Multiple Program Modes",
    "flash": "Auto Flash|Red-eye Reduction",
    "focal length": "8 mm to 24 mm",
    "focus features": "Auto Focus|Face Recognition Auto Focus|Multiple Point Focusing|Spot Focus",
    "frequency band": "Voice Memo: Up to 30 sec. WAV formatSensitivity:AutoISO 100ISO 200ISO 400ISO 800ISO 1600ISO 2000 (on Anti-blur/Natural Light mode)",
    "general features": "Photo Date/Time Stamping|Self Timer|Voice Memo Recorder",
    "gps": "No",
    "hd movie mode": "No",
    "height": "2.3 in",
    "image format": "JPEG",
    "image sensor": "CCD",
    "image sensor quantity": "1",
    "image sensor size": "0.625 in",
    "image stabilization": "Digital",
    "included components": "Cables - Audio/Video|Cables - USB|Microphone|Speaker",
    "installed memory": "25 MB",
    "interface connection": "1 x Video Out|1 x USB|1 x DC Power In",
    "iso equivalencies": "100|1600|200|400|800",
    "lcd screen size": "2.5 in",
    "lens mount": "Fixed",
    "longest shutter speed": "3 Second",
    "max aperture": "2.8 1/f",
    "max focal length": "108 mm",
    "max horizontal image resolution": "3296 pixels",
    "max vertical image resolution": "2472 pixels",
    "max zoom": "20.7 X",
    "maximum frame rate": "30 frames/s (fps)",
    "maximum shutter speed": "2000 1/x sec.",
    "maximum video capture resolution": "640 x 480",
    "memory card support": "xD-Picture Card|MultiMediaCard (MMC)|Secure Digital (SD) Card",
    "metering characteristics": "Evaluative|Multi-Segment|TTL",
    "min aperture": "8 1/f",
    "min focal length": "36 mm",
    "min focus distance": "2.75 in",
    "minimum shutter speed": "3 sec.",
    "normalizeddigital zoom": "6.9",
    "normalizedinstalled memory": "25",
    "normalizednumber of image sensor pixels": "8.3",
    "normalizedoptical zoom": "3",
    "normalizedweight": "6.20",
    "number of resolution modes": "5",
    "number of scene modes": "14",
    "optical zoom": "3 X",
    "pictbridge": "Yes",
    "power source": "Lithium Ion Battery",
    "product line": "FinePix",
    "product model": "F40fd",
    "product series": "F",
    "shortest shutter speed": "1/2000 Second",
    "software included": "FinePixViewerImageMixer VCD2 LE for FinePix",
    "total pixels": "8300000",
    "url": "http://www.fujifilm.com",
    "video capture format": "AVI",
    "viewfinder type": "No",
    "warranty information": "1 Year Limited",
    "weight": "6.20 oz",
    "white balance": "Auto|Preset Modes",
    "white balance modes": "FineShadeCustomAutomaticIncandescent lightFluorescent light (Daylight)Fluorescent light (Cool White)Fluorescent light (Warm White)",
    "width": "3.8 in"
}