{
    "<page title>": "Canon EOS Rebel T3i Black SLR Digital Camera - Body Only (18MP, SD/SDHC/SDXC Card Slot) Price Comparison at Buy.net",
    "camera body only": "Body Only",
    "camera type": "Digital SLR Camera",
    "depth": "3.1 in",
    "effective megapixels": "18 Megapixel",
    "flash": "Auto Flash|Flash OFF|Flash Exposure Compensation",
    "height": "3.9 in",
    "image sensor": "CMOS",
    "lcd screen size": "3 in",
    "lens mount": "Canon EF/EF-S",
    "memory card support": "Secure Digital (SD) Card|Secure Digital High Capacity (SDHC) Card|Secure Digital Extended Capacity (SDXC)",
    "total pixels": "18700000",
    "url": "http://www.usa.canon.com",
    "warranty information": "1 Year Limited",
    "weight": "1.14 lbs",
    "width": "5.2 in"
}