{
    "<page title>": "Mustek MDC830Z 8 Megapixel Compact Camera (2.5\" LCD - 3x Optical Zoom - 3254 X 2440 Image - 640 X 480 Video) Price Comparison at Buy.net",
    "battery builtin": "No",
    "battery include": "Yes",
    "brand name": "Mustek",
    "camera type": "Compact Camera",
    "depth": "3.6 in",
    "digital zoom": "4x",
    "effective megapixels": "8 Megapixel",
    "exposure compensation range ": "2 EV",
    "exposure settings": "Auto Exposure|Manual Exposure",
    "flash": "Auto Flash|Red-eye Reduction|Flash OFF",
    "focal length": "7.50 mm to 22.50 mm",
    "focus features": "Auto Focus",
    "frequency band": "Built-in Microphone",
    "general features": "Self Timer",
    "gps": "No",
    "hd movie mode": "No",
    "height": "2.2 in",
    "image format": "JPEG|TIFF",
    "image sensor": "CCD",
    "image sensor quantity": "1",
    "included components": "Carrying Strap|Microphone|Speaker",
    "installed memory": "32 MB",
    "interface connection": "1 x USB|1 x DC Power In",
    "lcd screen size": "2.5 in",
    "lens mount": "Fixed",
    "longest shutter speed": "1/2 Second",
    "max aperture": "2.8 1/f",
    "max focal length": "22.5 mm",
    "max horizontal image resolution": "3254 pixels",
    "max vertical image resolution": "2440 pixels",
    "max zoom": "12 X",
    "maximum frame rate": "20 fps",
    "maximum image resolution": "3254 x 2440",
    "maximum shutter speed": "1500 1/x sec.",
    "maximum video capture resolution": "640 x 480",
    "memory card support": "Secure Digital (SD) Card",
    "min aperture": "4.8 1/f",
    "min focal length": "7.5 mm",
    "minimum shutter speed": ".5 sec.",
    "normalizeddigital zoom": "4",
    "normalizedheight": "0.0022",
    "normalizedinstalled memory": "32",
    "normalizednumber of image sensor pixels": "8.1",
    "normalizedoptical zoom": "3",
    "normalizedweight": "4.80",
    "number of resolution modes": "2",
    "optical zoom": "3 X",
    "power source": "(1) AAA Battery|Rechargeable Battery",
    "product model": "MDC830Z",
    "product series": "MDC",
    "shortest shutter speed": "1/1500 Second",
    "software included": "Photo Express 5.0Photo Explorer 8.0",
    "total pixels": "8100000",
    "url": "http://www.mustek.com",
    "video capture format": "ASF",
    "viewfinder type": "No",
    "warranty information": "1 Year Limited Warranty",
    "weight": "4.80 oz",
    "white balance": "Auto|Manual|Preset Modes",
    "width": "1.1 in"
}