{
    "<page title>": "Olympus SP-550 7.1 Megapixel Bridge Camera (2.5\" LCD - 18x Optical Zoom - 3072 X 2304 Image - 640 X 480 Video - PictBridge) Price Comparison at Buy.net",
    "battery builtin": "No",
    "battery include": "Yes",
    "brand name": "Olympus",
    "bulb setting": "Yes",
    "camera modes": "Shooting Modes:AutoProgram AutoAperture PriorityShutter PriorityManualMy ModesGuideMovieScene Presets:PortraitLandscapeLandscape & PortraitNight SceneNight & PortraitSportIndoorCandleSelf-PortraitAvailable Light PortraitSunsetFireworksCuisineDocumentsAuctionShoot & Select1Shoot & Select2BeachSnowUnderwater Wide1Underwater Wide2Underwater MacroPanorama Modes:Up to 10 frames automatically stitchable with Olympus Master Software when using Olympus brand xD-Picture CardSequential Shooting:Hi-Speed2: 15 frames per second for 20 frames (1.2MP)Hi-Speed1: 7 frames per second for 15 frames (3MP)Normal Speed: 1.2 frames per second for 7 frames (7MP)Bracket: Exposure bracketing up to 5 frames Interval Shooting",
    "camera type": "Bridge Camera",
    "continuous shooting speed": "15 frames/s (fps)",
    "effective megapixels": "7.1 Megapixel",
    "exposure compensation range ": "2 EV",
    "exposure control": "Program AutoAperture PriorityShutter PriorityManual",
    "exposure settings": "Aperture Priority|Auto Exposure|Exposure Bracketing|Manual Exposure|Multiple Program Modes|Shutter Priority",
    "focus features": "Auto Focus|Manual Focus|Multiple Point Focusing|Spot Focus",
    "frequency band": "Movie with sound recordingTruePic Turbo Image ProcessorShooting Assist Functions: Histogram, Frame AssistAutomatic Pixel Mapping (APM) available via menu settingNoise Reduction: Set automatically at shutter speeds of 0.5 second or longerFlash Working Range:Wide: 14.8 ft, Tele: 9.2 ft at ISO 200Wide: 42.3 ft, Tele: 26.2 ft at ISO 1600Sensitivity:AutoHigh ISO AutoISO 50ISO 100ISO 200ISO 400ISO 800ISO 1600ISO 3200 (approx. 3MP)ISO 5000 (approx. 3MP)",
    "general features": "Photo Date/Time Stamping|Pictbridge Support|Self Timer",
    "gps": "No",
    "hd movie mode": "No",
    "image format": "JPEG|RAW",
    "image sensor quantity": "1",
    "image sensor size": "0.4 in",
    "image stabilization": "Optical",
    "included components": "Cables - Audio/Video|Cables - USB|Carrying Strap|Microphone|Speaker",
    "iso equivalencies": "100|1600|200|3200|400|50|5000|800",
    "lcd screen size": "2.5 in",
    "lens construction": "14 Elements in 11 Groups",
    "lens mount": "Fixed",
    "max focal length": "84.24 mm",
    "max horizontal image resolution": "3072 pixels",
    "max vertical image resolution": "2304 pixels",
    "max zoom": "100.8 X",
    "maximum frame rate": "30 frames/s (fps)",
    "maximum image resolution": "3072 x 2304",
    "maximum shutter speed": "2000 1/f",
    "memory card support": "xD-Picture Card",
    "metering characteristics": "Center-weighted|Multi-Segment|TTL",
    "min aperture": "11 1/f",
    "min focal length": "4.68 mm",
    "min focus distance": "4 in",
    "minimum shutter speed": "15 sec.",
    "normalizeddigital zoom": "5.6",
    "normalizedheight": "0.0031",
    "normalizedinstalled memory": "20",
    "normalizednumber of image sensor pixels": "7.4",
    "normalizedoptical zoom": "18",
    "normalizedweight": "12.87",
    "number of batteries support": "4",
    "number of resolution modes": "10",
    "number of scene modes": "22",
    "pictbridge": "Yes",
    "power source": "(4) AA Battery|DC Input|Lithium Ion Battery",
    "product model": "SP-550",
    "product series": "SP",
    "shortest shutter speed": "1/2000 Second",
    "software included": "Olympus Master 2.0",
    "video capture format": "AVI|MJPEG",
    "viewfinder type": "Electronic",
    "white balance": "Auto|Preset Modes",
    "white balance modes": "iESP2 AutoOne-TouchSunlightOvercastTungsten3 Fluorescents"
}