{
    "<page title>": "Olympus Tough TG-830 IHS Red Digital Camera (16 Megapixel - 3\" LCD - 5x Optical Zoom - Optical, Electronic IS - 4608 X 3456 Image - 1920 X 1080 Video - HDMI - PictBridge - HD Movie Mode) Price Comparison at Buy.net",
    "camera type": "Compact Camera",
    "depth": "1.1 in",
    "digital zoom": "4x",
    "effective megapixels": "16 Megapixel",
    "environmental protection": "Shock Proof|Water Proof|Freeze Proof|Crush Proof",
    "flash": "Auto Flash|Flash OFF|Flash ON|Red-eye Reduction",
    "focal length": "5 mm to 25 mm",
    "focal length 35mm equivalent": "28 mm to 140 mm",
    "height": "2.6 in",
    "image sensor": "CMOS",
    "image stabilization": "Optical|Electronic",
    "lcd screen size": "3 in",
    "maximum video capture resolution": "1920 x 1080",
    "memory card support": "Secure Digital High Capacity (SDHC) Card|Secure Digital Extended Capacity (SDXC)|Eye-Fi Card|Secure Digital (SD) Card",
    "optical zoom": "5 X",
    "total pixels": "16800000",
    "url": "http://www.olympusamerica.com",
    "warranty information": "1 Year",
    "weight": "7.55 oz",
    "width": "4.3 in"
}