{
    "<page title>": "Fujifilm X-E2 Silver Digital Camera Kit W/ 18-55 Mm Lens (16.3 MP, SD/SDHC/SDXC Card Slot) Price Comparison at Buy.net",
    "camera body only": "Body with Lens Kit",
    "camera type": "Mirrorless Interchangeable Lens Camera",
    "depth": "1.5 in",
    "effective megapixels": "16300000 pixels",
    "environmental protection": "Water Resistant",
    "flash": "Built-in Flash|Accessory Shoe",
    "focal length": "18 mm to 55 mm",
    "focal length 35mm equivalent": "27 mm to 84 mm",
    "height": "2.9 in",
    "image sensor": "CMOS",
    "image stabilization": "Sensor Shift",
    "interface connection": "USB|HDMI",
    "lcd screen size": "3 in",
    "lens mount": "Fujifilm X",
    "max aperture": "2.8 1/f",
    "maximum video capture resolution": "1920 x 1080",
    "memory card support": "Secure Digital High Capacity (SDHC) Card|Secure Digital Extended Capacity (SDXC)|Secure Digital (SD) Card",
    "total pixels": "16700000 pixels",
    "url": "http://www.fujifilmusa.com/products/digital_cameras/x/fujifilm_x_e2/",
    "warranty information": "1 year(s)",
    "weight": "10.6 oz",
    "width": "5.1 in",
    "wifi": "Yes"
}