{
    "<page title>": "Nikon Coolplix P340 Black Digital Camera (12.2 MP, 5x Opt, SD/SDHC/SDXC Card Slot, 56 MB) Price Comparison at Buy.net",
    "camera type": "Point & Shoot Digital Camera",
    "depth": "1.3 in",
    "digital zoom": "4 X",
    "effective megapixels": "12200000 pixels",
    "flash": "Built-in Flash",
    "focal length": "5.1mm to 25.5 mm",
    "focal length 35mm equivalent": "24 mm to 120 mm",
    "height": "2.3 in",
    "image sensor": "CMOS",
    "installed memory": "56 MB",
    "interface connection": "Video - Out (Unspecified)|USB|HDMI",
    "lcd screen size": "3 in",
    "max aperture": "1.8 1/f",
    "maximum video capture resolution": "1920 x 1080",
    "memory card support": "Secure Digital High Capacity (SDHC) Card|Secure Digital Extended Capacity (SDXC)|Secure Digital (SD) Card",
    "optical zoom": "5 X",
    "total pixels": "12760000 pixels",
    "url": "http://www.nikonusa.com/en/Nikon-Products/Product/Compact-Digital-Cameras/26459/COOLPIX-P340.html",
    "warranty information": "1 year(s)",
    "weight": "6.9 oz",
    "width": "4.1 in",
    "wifi": "Yes"
}