{
    "<page title>": "Canon EOS Rebel T1i 15.1 Megapixel Digital SLR Camera Body With Lens Kit - 18 Mm - 55 Mm (3\" LCD - 3.1x Optical Zoom - 4752 X 3168 Image - HDMI) Price Comparison at Buy.net",
    "camera body only": "Body with Lens Kit",
    "camera type": "Digital SLR Camera",
    "depth": "2.4 in",
    "effective megapixels": "15.1 Megapixel",
    "flash": "Auto Flash",
    "focal length": "18 mm to 55 mm (Lens 1)",
    "height": "3.8 in",
    "image sensor": "CMOS",
    "image stabilization": "Optical",
    "interface connection": "1 x USB|1 x Video Out|1 x HDMI|1 x DC Power In",
    "lcd screen size": "3 in",
    "lens mount": "Canon EF/EF-S",
    "max aperture": "3.5 1/f",
    "maximum video capture resolution": "1920 x 1080",
    "memory card support": "Secure Digital (SD) Card|Secure Digital High Capacity (SDHC) Card",
    "optical zoom": "3.1 X",
    "total pixels": "15500000",
    "url": "http://www.usa.canon.com",
    "warranty information": "1 Year Limited",
    "weight": "1.06 lbs",
    "width": "5.1 in"
}