{
    "<page title>": "Pentax K-50 White SLR Digital Camera (16.3 MP, SD/SDXC/SDHC Card Slot) Price Comparison at Buy.net",
    "camera type": "Digital SLR Camera",
    "depth": "2.8 in",
    "effective megapixels": "16300000 pixels",
    "environmental protection": "Water Proof|Dust Proof",
    "flash": "Built-in Flash|Accessory Shoe",
    "height": "3.8 in",
    "image sensor": "CMOS",
    "image stabilization": "Sensor Shift",
    "interface connection": "USB|Audio - Line In (1/8\" Mini)|A/V (RCA Composite)",
    "lcd screen size": "3 in",
    "maximum video capture resolution": "1920 x 1080",
    "memory card support": "Secure Digital Extended Capacity (SDXC)|Secure Digital (SD) Card|Secure Digital High Capacity (SDHC) Card",
    "total pixels": "16500000 pixels",
    "url": "http://www.us.ricoh-imaging.com/dslr/K-50_White",
    "warranty information": "1 year(s)",
    "weight": "20.8 oz",
    "width": "5.1 in"
}