{
    "<page title>": "Olympus OM-D E-M10 Black Digital Camera (16.1 MP, SD/SDHC/SDXC Card Slot) Price Comparison at Buy.net",
    "camera body only": "Body Only",
    "camera type": "Mirrorless Interchangeable Lens Camera",
    "depth": "1.8 in",
    "effective megapixels": "16100000 pixels",
    "environmental protection": "Water Resistant",
    "flash": "Built-in Flash|Accessory Shoe",
    "gps enabled": "Yes",
    "height": "3.2 in",
    "image sensor": "CMOS",
    "image stabilization": "Sensor Shift",
    "interface connection": "USB|HDMI",
    "lcd screen size": "3 in",
    "lens mount": "Micro Four Thirds",
    "maximum video capture resolution": "1920 x 1080",
    "memory card support": "Secure Digital High Capacity (SDHC) Card|Secure Digital (SD) Card|Secure Digital Extended Capacity (SDXC)",
    "total pixels": "17200000 pixels",
    "url": "http://www.getolympus.com/us/en/digitalcameras/omd/e-m10.html",
    "warranty information": "1 year(s)",
    "weight": "14 oz",
    "width": "4.7 in"
}