{
    "<page title>": "Fujifilm X-E2 Black Digital Camera (16.3 MP, SD/SDHC/SDXC Card Slot) Price Comparison at Buy.net",
    "camera type": "Mirrorless Interchangeable Lens Camera",
    "depth": "1.5 in",
    "effective megapixels": "16,300,000 pixels",
    "environmental protection": "Water Resistant",
    "flash": "Accessory Shoe",
    "height": "2.9 in",
    "image sensor": "CMOS",
    "interface connection": "USB|HDMI",
    "lcd screen size": "3 in",
    "lens mount": "Fujifilm X",
    "maximum video capture resolution": "1920 x 1080",
    "memory card support": "Secure Digital High Capacity (SDHC) Card|Secure Digital Extended Capacity (SDXC)|Secure Digital (SD) Card",
    "total pixels": "16,700,000 pixels",
    "url": "http://www.fujifilmusa.com/products/digital_cameras/x/fujifilm_x_e2/",
    "warranty information": "1 year(s)",
    "weight": "10.6 oz",
    "width": "5.1 in",
    "wifi": "Yes"
}