{
    "<page title>": "Nikon D4 Black SLR Digital Camera - Body Only (16.2 MP, CompactFlash Card Slot) Price Comparison at Buy.net",
    "camera body only": "Body Only",
    "camera type": "Digital SLR Camera",
    "depth": "3.6 in",
    "effective megapixels": "16.2 Megapixel",
    "flash": "Auto Flash|Slow Sync|Rear Curtain Sync|Red-eye Reduction",
    "height": "6.2 in",
    "image sensor": "CMOS",
    "interface connection": "A/V (RCA Composite)|HDMI|USB",
    "lcd screen size": "3.2 in",
    "lens mount": "Nikon F",
    "maximum video capture resolution": "1920 x 1080",
    "memory card support": "CompactFlash (CF) Card|XQD Card",
    "total pixels": "16600000",
    "url": "http://www.nikon.com",
    "warranty information": "1 Year Limited",
    "weight": "2.60 lbs",
    "width": "6.3 in"
}