{
    "<page title>": "Panasonic LUMIX DMC-ZS40 Black Digital Camera (18.1 MP, 30x Opt, SD/SDHC/SDXC Card Slot, 12 MB) Price Comparison at Buy.net",
    "camera type": "Point & Shoot Digital Camera",
    "depth": "1.35 in",
    "digital zoom": "4 X",
    "effective megapixels": "18100000 pixels",
    "flash": "Built-in Flash",
    "focal length": "4.3 mm to 129 mm",
    "focal length 35mm equivalent": "24 mm to 720 mm",
    "gps enabled": "Yes",
    "height": "2.53 in",
    "image sensor": "CMOS",
    "installed memory": "12 MB",
    "interface connection": "USB",
    "lcd screen size": "3 in",
    "max aperture": "3.3 1/f",
    "maximum video capture resolution": "1920 x 1080",
    "memory card support": "Secure Digital (SD) Card|Secure Digital Extended Capacity (SDXC)|Secure Digital High Capacity (SDHC) Card",
    "optical zoom": "30 X",
    "total pixels": "18900000 pixels",
    "url": "http://shop.panasonic.com/shop/model/DMC-ZS40K",
    "warranty information": "1 year(s)",
    "weight": "0.47 lbs",
    "width": "4.35 in",
    "wifi": "Yes"
}