{
    "<page title>": "Olympus OM-D E-M1 Black SLR Digital Camera - Body Only (16.28 MP, SD/SDHC/SDXC) Price Comparison at Buy.net",
    "camera body only": "Body Only",
    "camera type": "Digital SLR Camera",
    "depth": "2.5 in",
    "digital zoom": "2 X",
    "effective megapixels": "16300000 pixels",
    "environmental protection": "Water Resistant|Freeze Proof|Dust Proof",
    "flash": "Built-in Flash|Accessory Shoe",
    "gps enabled": "Yes",
    "height": "3.7 in",
    "image sensor": "CMOS",
    "image stabilization": "Sensor Shift",
    "interface connection": "USB|HDMI|Audio - Line In (1/8\" Mini)|A/V (RCA Composite)",
    "lcd screen size": "3 in",
    "lens mount": "Micro Four Thirds",
    "maximum video capture resolution": "1920 x 1080",
    "memory card support": "Secure Digital High Capacity (SDHC) Card|Secure Digital Extended Capacity (SDXC)|Secure Digital (SD) Card",
    "total pixels": "16800000 pixels",
    "url": "http://www.getolympus.com/us/en/digitalcameras/omd/e-m1.html",
    "warranty information": "1 year(s)",
    "weight": "17.5 oz",
    "width": "5.1 in",
    "wifi": "Yes"
}