{
    "<page title>": "Olympus PEN E-PM1 Purple Silver Camera Kit W/ 14-42mm Lens (12.3 Megapixel - 3\" LCD - 3x Optical Zoom - Electronic IS - 4032 X 3024 Image - 1920 X 1080 Video - AVCHD, Motion JPEG AVI - HDMI - PictBridge) Price Comparison at Buy.net",
    "camera body only": "Body with Lens Kit",
    "camera type": "Mirrorless Camera",
    "depth": "1.3 in",
    "effective megapixels": "12.3 Megapixel",
    "flash": "Auto Flash|Flash ON|Flash OFF|Slow Sync|Rear Curtain Sync|Red-eye Reduction",
    "focal length": "14 mm to 42 mm (Lens 1)",
    "focal length 35mm equivalent": "28 mm to 84 mm (Lens 1)",
    "height": "2.5 in",
    "image sensor": "Live MOS",
    "image stabilization": "Electronic",
    "lcd screen size": "3 in",
    "lens mount": "Micro Four Thirds",
    "maximum video capture resolution": "1920 x 1080",
    "memory card support": "Eye-Fi Card|Secure Digital (SD) Card|Secure Digital High Capacity (SDHC) Card|Secure Digital Extended Capacity (SDXC)",
    "optical zoom": "3 X",
    "total pixels": "13100000",
    "url": "http://www.olympusamerica.com",
    "warranty information": "1 Year",
    "weight": "7.65 oz",
    "width": "4.3 in"
}