{
    "<page title>": "Fujifilm FinePix S9200 16.2 Megapixel Bridge Camera - Black (3\" LCD - 50x Optical Zoom - Optical IS - 4608 X 3456 Image - 1920 X 1080 Video - HDMI - HD Movie Mode) Price Comparison at Buy.net",
    "camera type": "Bridge Camera",
    "depth": "4.6 in",
    "digital zoom": "2x",
    "effective megapixels": "16.2 Megapixel",
    "flash": "Auto Flash|Flash OFF|Flash ON|Slow Sync|Suppressed Flash|Red-eye Reduction",
    "focal length": "4.30 mm to 215 mm",
    "focal length 35mm equivalent": "24 mm to 1200 mm",
    "green compliance": "WEEE|REACH",
    "height": "3.4 in",
    "image sensor": "CMOS",
    "image stabilization": "Optical",
    "lcd screen size": "3 in",
    "maximum video capture resolution": "1920 x 1080",
    "memory card support": "Secure Digital (SD) Card|Secure Digital Extended Capacity (SDXC)|Secure Digital High Capacity (SDHC) Card|Secure Digital Extended Capacity (SDXC UHS-I)|Secure Digital High Capacity (SDHC UHS-I)",
    "optical zoom": "50 X",
    "total pixels": "16800000",
    "url": "http://www.fujifilm.com",
    "warranty information": "1 Year",
    "weight": "1.27 lbs",
    "width": "4.8 in"
}