{
    "<page title>": "Nikon Coolpix P510 Black Digital Camera (16.1 MP, 42x Opt, SD/SDHC/SDXC Card Slot) Price Comparison at Buy.net",
    "camera type": "Bridge Camera",
    "depth": "4.0 in",
    "digital zoom": "2x",
    "effective megapixels": "16.1 Megapixel",
    "flash": "Auto Flash|Flash ON|Flash OFF|Slow Sync|Red-eye Reduction",
    "focal length": "4.30 mm to 180 mm",
    "focal length 35mm equivalent": "24 mm to 1000 mm",
    "green compliance": "RoHS|WEEE",
    "height": "3.3 in",
    "image sensor": "CMOS",
    "image stabilization": "Optical",
    "installed memory": "90 MB",
    "interface connection": "A/V (RCA Composite)|HDMI|USB",
    "lcd screen size": "3 in",
    "lens mount": "Fixed",
    "max aperture": "3.3 1/f",
    "maximum video capture resolution": "1920 x 1080",
    "memory card support": "Secure Digital (SD) Card|Secure Digital High Capacity (SDHC) Card|Secure Digital Extended Capacity (SDXC)|Eye-Fi Card",
    "optical zoom": "42 X",
    "total pixels": "16800000",
    "url": "http://www.nikon.com",
    "warranty information": "1 Year Limited",
    "weight": "1.22 lbs",
    "width": "4.7 in"
}