{
    "<page title>": "Pentax K-30 Crystal White SLR Digital Camera Kit W/ 18-55 Mm AL & 50-200 Mm AL Lens (16.3 MP, SD/SDXC/SDHC Card Slot) Price Comparison at Buy.net",
    "camera body only": "Body with Lens Kit",
    "camera type": "Digital SLR Camera",
    "depth": "2.8 in",
    "effective megapixels": "16.3 pixels",
    "environmental protection": "Weather Resistant|Dust Proof",
    "flash": "Built-in Flash",
    "focal length": "18 mm to 55mm",
    "height": "3.8 in",
    "image sensor": "CMOS",
    "image stabilization": "Sensor Shift",
    "interface connection": "USB|Audio - Line In (1/8\" Mini)|A/V (RCA Composite)",
    "lcd screen size": "3 in",
    "max aperture": "3.5 1/f",
    "memory card support": "Secure Digital Extended Capacity (SDXC)|Secure Digital High Capacity (SDHC) Card|Secure Digital (SD) Card",
    "total pixels": "16.5 pixels",
    "url": "http://www.us.ricoh-imaging.com/dslr/K-30_Black",
    "warranty information": "1 year(s)",
    "weight": "20.8 oz",
    "width": "5.1 in"
}