{
    "<page title>": "Nikon D3200 Black SLR Digital Camera Kit W/ 18-55 Mm VR And 55-200 Mm Non-VR DX Zoom Lenses (24.2 MP, SD Card Slot) Price Comparison at Buy.net",
    "camera body only": "Body with Lens Kit",
    "camera type": "Digital SLR Camera",
    "depth": "3 in",
    "digital zoom": "No",
    "effective megapixels": "24.2 Megapixel",
    "flash": "Auto Flash|Flash OFF|Flash ON|Slow Sync|Red-eye Reduction|Rear Curtain Sync|Front Curtain Sync|X-sync|Flash Exposure Compensation",
    "focal length": "18 mm to 55 mm (Lens 1) - 55 mm to 200 mm (Lens 2)",
    "green compliance": "RoHS|WEEE",
    "height": "3.8 in",
    "image sensor": "CMOS",
    "image stabilization": "Optical",
    "lcd screen size": "3 in",
    "lens mount": "Nikon F",
    "maximum video capture resolution": "1920 x 1080",
    "memory card support": "Secure Digital (SD) Card|Secure Digital Extended Capacity (SDXC)|Secure Digital High Capacity (SDHC) Card|Eye-Fi Card",
    "optical zoom": "3.1 X (Lens 1) - 3.6 X (Lens 2)",
    "total pixels": "24700000",
    "url": "http://www.nikon.com",
    "warranty information": "1 Year",
    "weight": "1 lbs",
    "width": "4.9 in"
}