{
    "<page title>": "Nikon DF Black SLR Digital Camera Special Edition Kit W/ 50 Mm Lens (16.2 MP, SD/SDHC/SDXC Card Slot) Price Comparison at Buy.net",
    "camera body only": "Body with Lens Kit",
    "camera type": "Digital SLR Camera",
    "depth": "2.6 in",
    "effective megapixels": "16.2 Megapixel",
    "flash": "Rear Curtain Sync|Front Curtain Sync|Red-eye Reduction|Slow Sync|Flash Exposure Compensation|High Speed Sync",
    "focal length": "50 mm",
    "green compliance": "WEEE|RoHS",
    "height": "4.3 in",
    "image sensor": "CMOS",
    "image stabilization": "No",
    "lcd screen size": "3.2 in",
    "lens mount": "Nikon F",
    "memory card support": "Secure Digital (SD) Card|Secure Digital Extended Capacity (SDXC)|Secure Digital High Capacity (SDHC) Card|Secure Digital Extended Capacity (SDXC UHS-I)|Secure Digital High Capacity (SDHC UHS-I)",
    "total pixels": "16600000",
    "url": "http://www.nikon.com",
    "warranty information": "1 Year",
    "weight": "1.57 lbs",
    "width": "5.6 in"
}