{
    "<page title>": "Samsung NX2000 20.3 Megapixel Mirrorless Camera Body With Lens Kit - 20 Mm - 50 Mm Lens 1, 50 Mm - 200 Mm Lens 2 - White (3.7\" Touchscreen LCD - 2.5x/4x Optical Zoom - Optical IS - 5472 X 3648 Image - 1920 X 1080 Video - HDMI - HD Movie Mode) Price Comparison at Buy.net",
    "analog video out": "Yes",
    "autofocus points": "35",
    "battery model supported": "BP1130",
    "brand name": "Samsung",
    "builtin flash": "No",
    "camera body only": "Body with Lens Kit",
    "camera type": "Mirrorless Camera",
    "depth": "1.4 in",
    "effective megapixels": "20.3 Megapixel",
    "exposure control": "Aperture Priority AE Shutter Priority AE Program AE Manual",
    "flash": "Smart Flash|Auto Flash|Red-eye Reduction|Flash ON|Flash OFF|Front Curtain Sync|Rear Curtain Sync|Red-eye Fix",
    "focal length": "20 mm to 50 mm (Lens 1) - 50 mm to 200 mm (Lens 2)",
    "focal length 35mm equivalent": [
        "77 mm to 308 mm (Lens 2)",
        "77 mm to 308 mm (Lens 2)"
    ],
    "hd movie mode": "Yes",
    "height": "2.5 in",
    "image sensor": "CMOS",
    "image stabilization": "Optical",
    "iso sensitivity": "ISO 25600",
    "language support": "Norwegian",
    "lcd screen size": "3.7 in",
    "lens construction": "9 Elements in 8 Groups - 17 Elements in 13 Groups (Lens 2)",
    "lens mount": "Samsung NX",
    "longest shutter speed": "30 Second",
    "maximum frame rate": "30 fps",
    "maximum video capture resolution": "1920 x 1080",
    "memory card support": "microSD Card|microSDHC Card|microSD Extended Capacity (microSDXC)",
    "normalizedheight": "63.5",
    "normalizedoptical zoom": "2.5",
    "normalizedweight": "8.00",
    "number of batteries support": "1",
    "optical zoom": "2.5 X (Lens 1) - 4 X (Lens 2)",
    "parent retsku": "B00G40F4L0",
    "product model": "NX2000",
    "product series": "NX",
    "self timer": "30 Second",
    "shortest shutter speed": "1/4000 Second",
    "software included": "Adobe Lightroom iLauncher",
    "total pixels": "21600000",
    "url": "http://www.samsungusa.com",
    "weight": "8.00 oz",
    "white balance modes": "Auto Daylight Cloudy Fluorescent (W, N, D) Tungsten Flash Custom K(Manual)",
    "wide angle": "Yes",
    "width": "4.7 in"
}