{
    "<page title>": "Panasonic LUMIX DMC-FZ70 Black Digital Camera (16.1 MP, 60x Opt, SD Card Slot) Price Comparison at Buy.net",
    "camera type": "Bridge Camera",
    "depth": "4.7 in",
    "digital zoom": "5x",
    "effective megapixels": "16.1 Megapixel",
    "flash": "Auto Flash|Flash ON|Flash OFF|Red-eye Reduction|Slow Sync",
    "focal length": "3.58 mm to 215 mm",
    "focal length 35mm equivalent": "20 mm to 1200 mm",
    "height": "3.8 in",
    "image sensor": "MOS",
    "image stabilization": "Optical",
    "lcd screen size": "3 in",
    "maximum video capture resolution": "1920 x 1080",
    "memory card support": "Secure Digital (SD) Card|Secure Digital Extended Capacity (SDXC)|Secure Digital High Capacity (SDHC) Card",
    "optical zoom": "60 X",
    "total pixels": "16800000",
    "url": "http://www.panasonic.com",
    "warranty information": "1 Year",
    "weight": "1.24 lbs",
    "width": "5.1 in"
}