{
    "<page title>": "Nikon D5200 Black SLR Digital Camera Kit W/ 18-55 Mm Lens (24.1 MP, SD/SDHC/SDXC Card Slot) Price Comparison at Buy.net",
    "camera body only": "Body with Lens Kit",
    "camera type": "Digital SLR Camera",
    "depth": "3.1 in",
    "digital zoom": "No",
    "effective megapixels": "24.1 Megapixel",
    "flash": "Auto Flash|Flash ON|Flash OFF|Slow Sync|Red-eye Reduction|Rear Curtain Sync|X-sync",
    "focal length": "18 mm to 55 mm (Lens 1)",
    "focal length 35mm equivalent": "27 mm to 82.5 mm",
    "green compliance": "WEEE|RoHS",
    "height": "3.9 in",
    "image sensor": "CMOS",
    "image stabilization": "Optical",
    "interface connection": "A/V (RCA Composite)|Audio - Line In (1/8\" Mini)|HDMI|Infrared - iRDA Wireless (iRDA-SIR)|USB",
    "lcd screen size": "3 in",
    "lens mount": "Nikon F",
    "max aperture": "3.5 1/f",
    "maximum video capture resolution": "1920 x 1080",
    "memory card support": "Secure Digital (SD) Card|Secure Digital High Capacity (SDHC UHS-I)|Secure Digital Extended Capacity (SDXC UHS-I)|Eye-Fi Card",
    "optical zoom": "3.1 X",
    "total pixels": "24700000",
    "url": "http://www.nikon.com",
    "warranty information": "1 Year",
    "weight": "1.11 lbs",
    "width": "5.1 in",
    "you are reviewing": "Nikon D5200 Black SLR Digital Camera Kit w/ 18-55 mm Lens (24.1"
}