{
    "<page title>": "Olympus E2OMSZ12S Silver Digital Camera (14 MP, 24x Opt, SD Card Slot) Price Comparison at Buy.net",
    "camera type": "Point & Shoot Digital Camera",
    "effective megapixels": "14000000 pixels",
    "image sensor": "CCD",
    "interface connection": "USB|HDMI",
    "lcd screen size": "3 in",
    "memory card support": "Secure Digital (SD) Card",
    "optical zoom": "24 X",
    "removable flash memory included": "8 GB",
    "url": "http://www.getolympus.com/us",
    "warranty information": "1 year(s)"
}