{
    "<page title>": "Olympus Pen E-P5 Black Digital Camera (16.1 MP, SDSDXC/SDHC Card Slot) Price Comparison at Buy.net",
    "camera body only": "Body Only",
    "camera type": "Mirrorless Interchangeable Lens Camera",
    "depth": "1.46 in",
    "effective megapixels": "16100000 pixels",
    "environmental protection": "Water Resistant",
    "flash": "Built-in Flash|Accessory Shoe",
    "gps enabled": "Yes",
    "height": "2.71 in",
    "image sensor": "CMOS",
    "image stabilization": "Sensor Shift",
    "interface connection": "USB|HDMI|A/V (RCA Composite)",
    "lcd screen size": "3 in",
    "lens mount": "Micro Four Thirds",
    "maximum video capture resolution": "1280 x 720",
    "memory card support": "Secure Digital High Capacity (SDHC) Card|Secure Digital Extended Capacity (SDXC)|Secure Digital (SD) Card",
    "total pixels": "17200000 pixels",
    "url": "http://www.getolympus.com/us/en/digitalcameras/interchangeable-lens-cameras/e-p5.html",
    "warranty information": "1 year(s)",
    "weight": "13.33 oz",
    "width": "4.81 in",
    "wifi": "Yes"
}