{
    "<page title>": "Nikon D7000 Black SLR Digital Camera Kit W/ 18-105 Lens (16.2 MP, 5.8x Opt, SD/SDHC/SDXC Card Slots) Price Comparison at Buy.net",
    "camera body only": "Body with Lens Kit",
    "camera type": "Digital SLR Camera",
    "depth": "3.0 in",
    "digital zoom": "No",
    "effective megapixels": "16.2 Megapixel",
    "environmental protection": "Dust Proof",
    "flash": "Auto Flash|Flash ON|Flash OFF|Slow Sync|Rear Curtain Sync|Red-eye Reduction",
    "focal length": "18 mm to 105 mm (Lens 1)",
    "focal length 35mm equivalent": "27 mm to 157.50 mm (Lens 1)",
    "height": "4.1 in",
    "image sensor": "CMOS",
    "image stabilization": "Optical",
    "lcd screen size": "3 in",
    "lens mount": "Nikon F",
    "maximum video capture resolution": "1920 x 1080",
    "memory card support": "Secure Digital (SD) Card|Secure Digital High Capacity (SDHC) Card|Secure Digital Extended Capacity (SDXC)",
    "optical zoom": "5.8 X",
    "total pixels": "16900000",
    "url": "http://www.nikon.com",
    "warranty information": "1 Year",
    "weight": "1.52 lbs",
    "width": "5.2 in"
}