{
    "<page title>": "Nikon D3100 Black SLR Digital Camera Kt W/ 18-55 Mm VR Lens (14.2MP, 3x Opt, SD Card Slot) Price Comparison at Buy.net",
    "camera body only": "Body with Lens Kit",
    "camera type": "Digital SLR Camera",
    "depth": "2.9 in",
    "effective megapixels": "14.2 Megapixel",
    "flash": "Accessory Shoe|Built-in Flash",
    "focal length": "18-55",
    "gps enabled": "Yes",
    "height": "3.8 in",
    "image sensor": "CMOS",
    "image stabilization": "Optical",
    "interface connection": "HDMI|USB",
    "lcd screen size": "3 in",
    "lens mount": "Nikon F",
    "max aperture": "3.5 1/f",
    "memory card support": "Secure Digital (SD) Card",
    "optical zoom": "3.1 X",
    "total pixels": "14.8 Megapixel",
    "url": "http://www.nikonusa.com/en/Nikon-Products/Product/Digital-SLR-Cameras/25472/D3100.html",
    "weight": "16 oz",
    "width": "4.9 in",
    "you are reviewing": "Nikon D3100 Black SLR Digital Camera Kt w/ 18-55 mm VR Lens (14.2MP,"
}