{
    "<page title>": "Fujifilm X-M1 Brown Digital Camera (16.3 MP, SD/SDHC/SDXC Card Slot) Price Comparison at Buy.net",
    "camera body only": "Body Only",
    "camera type": "Mirrorless Interchangeable Lens Camera",
    "depth": "1.5 in",
    "effective megapixels": "16300000 pixels",
    "flash": "Built-in Flash|Accessory Shoe",
    "height": "2.6 in",
    "image sensor": "CMOS",
    "image stabilization": "Sensor Shift",
    "interface connection": "USB|HDMI",
    "lcd screen size": "3 in",
    "lens mount": "Fujifilm X",
    "maximum video capture resolution": "1920 x 1080",
    "memory card support": "Secure Digital High Capacity (SDHC) Card|Secure Digital Extended Capacity (SDXC)|Secure Digital (SD) Card",
    "total pixels": "16500000 pixels",
    "url": "http://www.fujifilmusa.com/products/digital_cameras/x/fujifilm_x_m1",
    "warranty information": "1 year(s)",
    "weight": "9.9 oz",
    "width": "4.6 in",
    "wifi": "Yes"
}