{
    "<page title>": "Olympus VR-370 Black Digital Camera (16 MP, 12x Opt, SD/SDHC/SDXC Card Slot) Price Comparison at Buy.net",
    "camera body only": "Body Only",
    "camera type": "Compact Camera",
    "depth": "1.1 in",
    "digital zoom": "4x",
    "effective megapixels": "16 Megapixel",
    "flash": "Auto Flash|Flash OFF|Flash ON|Red-eye Reduction",
    "focal length": "4.20 mm to 52.50 mm",
    "focal length 35mm equivalent": "24 mm to 300 mm",
    "height": "2.4 in",
    "image sensor": "CCD",
    "image stabilization": "Optical|Electronic",
    "installed memory": "34.9 MB",
    "interface connection": "USB|Dock / Cradle|A/V (RCA Composite)",
    "lcd screen size": "3 in",
    "max aperture": "3 1/f",
    "maximum video capture resolution": "1280 x 720",
    "memory card support": "Secure Digital (SD) Card|Secure Digital Extended Capacity (SDXC)|Secure Digital High Capacity (SDHC) Card|Eye-Fi Card",
    "optical zoom": "12.5 X",
    "total pixels": "16500000",
    "url": "http://www.olympusamerica.com",
    "warranty information": "1 Year",
    "weight": "6.07 oz",
    "width": "4.1 in"
}