{
    "<page title>": "Nikon CoolPix S9700 Red Digital Camera (16 MP, 30x Opt, SD/SDHC/SDXC Card Slot, 329 MB) Price Comparison at Buy.net",
    "camera type": "Point & Shoot Digital Camera",
    "depth": "1.4 in",
    "digital zoom": "4 X",
    "effective megapixels": "16000000 pixels",
    "flash": "Built-in Flash|Accessory Shoe",
    "focal length": "4.5 mm to 135 mm",
    "focal length 35mm equivalent": "25 mm to 750 mm",
    "gps enabled": "Yes",
    "height": "2.5 in",
    "image sensor": "CMOS",
    "image stabilization": "Sensor Shift",
    "installed memory": "329 MB",
    "interface connection": "USB|Video - Out (Unspecified)|HDMI",
    "lcd screen size": "3 in",
    "max aperture": "3.7 1/f",
    "maximum video capture resolution": "1920 x 1080",
    "memory card support": "Secure Digital High Capacity (SDHC) Card|Secure Digital Extended Capacity (SDXC)|Secure Digital (SD) Card",
    "optical zoom": "30 X",
    "total pixels": "16760000 pixels",
    "url": "http://www.nikonusa.com/en/Nikon-Products/Product/Compact-Digital-Cameras/26469/COOLPIX-S9700.html",
    "warranty information": "1 year(s)",
    "weight": "8.2 oz",
    "width": "4.3 in",
    "wifi": "Yes"
}