{
    "<page title>": "Nikon D300 12.3 Megapixel Digital SLR Camera Body Only (3\" LCD - 4288 X 2848 Image - HDMI - PictBridge) Price Comparison at Buy.net",
    "autofocus points": "51",
    "battery builtin": "No",
    "battery include": "Yes",
    "brand name": "Nikon",
    "bulb setting": "Yes",
    "camera modes": "Picture Control:StandardNeutralVividMonochromeNine User-customizable settingsBurst Capability:Continuous low speed: 1 to 7 fpsContinuous high-speed: 8 fps (using AC Adaptor), or 6 fps (using EN-EL3e Battery)",
    "camera type": "Digital SLR Camera",
    "continuous shooting speed": "6 frames/s (fps)",
    "effective megapixels": "12.3 Megapixel",
    "exposure compensation range ": "5 EV",
    "exposure settings": "AE Lock|Aperture Priority|Auto Exposure|Exposure Bracketing|Manual Exposure|Multiple Program Modes|Shutter Priority",
    "focal length conversion factor slr": "1.5",
    "focus features": "Auto Focus|Focus Lock|Manual Focus|Multiple Point Focusing|Predictive Focusing",
    "frequency band": "Standard ISO Sensitivity:Lowest: 3200 in steps of 1/3, 1/2, 1 EVHighest: Lo-1 (ISO 100 equivalent)Lowest Expanded: Hi-1 (ISO 6400 equivalent)Highest Expanded: Lo-1 (ISO 100 equivalent) in steps of 1/3, 1/2, 1 EVExpanded:Lo-1 (ISO 100 equivalent) in steps of 1/3, 1/2, 1 EVHi-1 (ISO 6400 equivalent) in steps of 1/3, 1/2, 1 EVLanguage Options:Chinese (Simplified and Traditional)DutchEnglishFinnishFrenchGermanItalianJapaneseKoreanPolishPortugueseRussianSpanishSwedish",
    "general features": "Pictbridge Support|Self Timer",
    "image format": "JPEG|TIFF",
    "included components": "Cables - Audio/Video|Cables - USB|Carrying Strap|External Battery Charger",
    "iso equivalencies": "1600|200|3200|400|6400|800",
    "lcd screen size": "3 in",
    "lens construction": "Not Applicable",
    "lens mount": "Nikon F",
    "longest shutter speed": "30 Second",
    "max horizontal image resolution": "4288 pixels",
    "max vertical image resolution": "2848 pixels",
    "maximum image resolution": "4288 x 2848",
    "maximum shutter speed": "8000 1/x sec.",
    "memory card support": "CompactFlash (CF) Card|Microdrive",
    "metering characteristics": "Center-weighted|Multi-Segment|Spot|TTL",
    "minimum shutter speed": "30 sec.",
    "normalizedheight": "114.3",
    "normalizednumber of image sensor pixels": "13.1",
    "normalizedweight": "29.28",
    "number of resolution modes": "3",
    "pictbridge": "Yes",
    "power source": "DC Input|Lithium Ion Battery",
    "product model": "D300",
    "product series": "D",
    "shortest shutter speed": "1/8000 Second",
    "shutter lag": "45 ms",
    "software included": "Nikon Software Suite",
    "viewfinder type": "SLR",
    "white balance": "Auto|Bracketing|Manual|Preset Modes",
    "wide angle": "No"
}