{
    "<page title>": "Olympus SP-620UZ Silver Digital Camera (16 MP, 21x Opt, SD/SDHC/SDXC Card Slot) Price Comparison at Buy.net",
    "camera type": "Point & Shoot Digital Camera",
    "depth": "2.9 in",
    "digital zoom": "4 X",
    "effective megapixels": "16,000,000 pixels",
    "flash": "Built-in Flash",
    "focal length": "4.5 mm to 94.5 mm",
    "focal length 35mm equivalent": "25 mm to 525 mm",
    "height": "2.9 in",
    "image sensor": "CCD",
    "installed memory": "59 MB",
    "interface connection": "USB|Video - Out (Unspecified)|HDMI|Audio - Line Out (1/8\" Mini)",
    "lcd screen size": "3 in",
    "max aperture": "3 1/f",
    "maximum video capture resolution": "1280 x 720",
    "memory card support": "Secure Digital High Capacity (SDHC) Card|Secure Digital (SD) Card|Secure Digital Extended Capacity (SDXC)",
    "optical zoom": "21 X",
    "removable flash memory included": "16 GB",
    "url": "http://www.getolympus.com/us/en/sp-620uz.html",
    "warranty information": "1 year(s)",
    "weight": "15.3 oz",
    "width": "4.3 in"
}