{
    "<page title>": "Fujifilm FinePix S1500 10 Megapixel Bridge Camera - Black (2.7\" LCD - 12x Optical Zoom - 3648 X 2736 Image - 640 X 480 Video) Price Comparison at Buy.net",
    "camera type": "Bridge Camera",
    "depth": "2.7 in",
    "digital zoom": "5.7x",
    "effective megapixels": "10 Megapixel",
    "flash": "Auto Flash|Flash OFF|Flash ON|Red-eye Reduction",
    "focal length": "5.90 mm to 70.80 mm",
    "height": "2.9 in",
    "image sensor": "CCD",
    "image stabilization": "Optical|Electronic",
    "installed memory": "23 MB",
    "interface connection": "1 x USB|1 x Video Out|1 x DC Power In",
    "lcd screen size": "2.7 in",
    "lens mount": "Fixed",
    "max aperture": "2.8 1/f",
    "maximum video capture resolution": "640 x 480",
    "memory card support": "Secure Digital (SD) Card|Secure Digital High Capacity (SDHC) Card",
    "optical zoom": "12 X",
    "total pixels": "10000000",
    "url": "http://www.fujifilm.com",
    "warranty information": "1 Year Limited",
    "weight": "11.40 oz",
    "width": "4.1 in"
}