{
    "<page title>": "Sony DSCQX10/B Black Digital Camera (18.2 MP, 10x Opt, Memory Stick Micro/microSD/microSDHC Card Slot) Price Comparison at Buy.net",
    "camera type": "Point & Shoot Digital Camera",
    "depth": "2.5 in",
    "effective megapixels": "18 Megapixel",
    "focal length": "4.45-44.5mm",
    "focal length 35mm equivalent": "25-250mm",
    "height": "1.19 in",
    "image sensor": "CMOS",
    "image stabilization": "Optical",
    "interface connection": "USB",
    "max aperture": "3.3 1/f",
    "maximum video capture resolution": "1440 x 1080",
    "memory card support": "Memory Stick Micro (M2)|microSD Card|microSDHC Card",
    "optical zoom": "10 X",
    "total pixels": "18.9 Megapixel",
    "url": "http://www.sony.com/",
    "warranty information": "1 year(s)",
    "weight": "5.8 oz",
    "width": "2.5 in",
    "wifi": "Yes"
}