{
    "<page title>": "Canon PowerShot SX510 HS Black Digital Camera (12.1 Megapixel - 3\" LCD - 30x Optical Zoom - Optical IS - 4608 X 3456 Image - 1920 X 1080 Video - PictBridge - HD Movie Mode) Price Comparison at Buy.net",
    "camera type": "Compact Camera",
    "depth": "3.2 in",
    "digital zoom": "4x",
    "effective megapixels": "12.1 Megapixel",
    "flash": "Auto Flash|Flash ON|Flash OFF|Slow Sync",
    "focal length": "4.30 mm to 129 mm",
    "focal length 35mm equivalent": "24 mm to 720 mm",
    "height": "2.7 in",
    "image sensor": "CMOS",
    "image stabilization": "Optical",
    "lcd screen size": "3 in",
    "maximum video capture resolution": "1920 x 1080",
    "memory card support": "Secure Digital (SD) Card|Secure Digital Extended Capacity (SDXC)|Secure Digital High Capacity (SDHC) Card",
    "optical zoom": "30 X",
    "total pixels": "12800000",
    "url": "http://www.usa.canon.com",
    "warranty information": "1 Year",
    "weight": "11.15 oz",
    "width": "4.1 in"
}