{
    "<page title>": "Olympus Stylus SH-1 Silver Digital Camera (16 MP, 24x Opt, SD/SDHC/SDXC Card Slot) Price Comparison at Buy.net",
    "camera type": "Point & Shoot Digital Camera",
    "depth": "1.7 in",
    "digital zoom": "4 X",
    "effective megapixels": "16000000 pixels",
    "flash": "Built-in Flash",
    "focal length": "4.5 mm to 108 mm",
    "focal length 35mm equivalent": "25 mm to 600 mm",
    "height": "2.5 in",
    "image sensor": "CMOS",
    "image stabilization": "Sensor Shift",
    "installed memory": "37 MB",
    "interface connection": "USB|Video - Out (Unspecified)|HDMI|Audio - Line Out (1/8\" Mini)",
    "lcd screen size": "3 in",
    "max aperture": "3 1/f",
    "maximum video capture resolution": "1920 x 1080",
    "memory card support": "Secure Digital High Capacity (SDHC) Card|Secure Digital (SD) Card|Secure Digital Extended Capacity (SDXC)",
    "optical zoom": "24 X",
    "url": "http://www.getolympus.com/us/en/sh-1.html",
    "warranty information": "1 year(s)",
    "weight": "9.5 oz",
    "width": "4.3 in",
    "wifi": "Yes"
}