{
    "<page title>": "Orion Telescopes StarShoot LCD-DVR Black Digital Camera (SD Card Slot) Price Comparison at Buy.net",
    "camera type": "Point & Shoot Digital Camera",
    "environmental protection": "Water Proof",
    "height": "2 in",
    "interface connection": "USB|A/V (RCA Composite)",
    "lcd screen size": "2.5 in",
    "maximum video capture resolution": "720 x 480",
    "memory card support": "Secure Digital (SD) Card",
    "url": "http://www.telescope.com/catalog/product.jsp?productId=101876",
    "warranty information": "1 year(s)",
    "weight": "3 oz",
    "width": "3.2 in"
}