{
    "<page title>": "Panasonic Lumix DMC-G5 Black Digital Camera Body Only (16.05 MP, SD/SDHC/SDXC Card Slot) Price Comparison at Buy.net",
    "camera body only": "Body Only",
    "camera type": "Mirrorless Interchangeable Lens Camera",
    "depth": "2.79 in",
    "effective megapixels": "16.05 Megapixel",
    "flash": "Accessory Shoe|Built-in Flash",
    "height": "3.28 in",
    "image sensor": "CMOS",
    "image stabilization": "Optical",
    "interface connection": "A/V (RCA Composite)|HDMI|USB",
    "lcd screen size": "3 in",
    "lens mount": "Micro Four Thirds",
    "maximum video capture resolution": "1920 x 1080",
    "memory card support": "Secure Digital (SD) Card|Secure Digital Extended Capacity (SDXC)|Secure Digital High Capacity (SDHC) Card",
    "total pixels": "18.31 Megapixel",
    "url": "http://shop.panasonic.com/shop/model/DMC-G5KBODY",
    "warranty information": "1 year(s)",
    "weight": "12.2 oz",
    "width": "4.72 in"
}