{
    "<page title>": "Nikon DX-format D7100 Black SLR Digital Camera Kit W/ 18-140 Mm & 55-300 Mm Lens (24.1 MP, 5.5x Opt, SD/SDHC/SDXC Card Slot) Price Comparison at Buy.net",
    "camera body only": "Body with Lens Kit",
    "camera type": "Digital SLR Camera",
    "depth": "3 in",
    "digital zoom": "1 X",
    "effective megapixels": "24100000 pixels",
    "flash": "Built-in Flash",
    "focal length": "18 mm to 140 mm",
    "focal length 35mm equivalent": "55 mm to 300 mm",
    "gps enabled": "Yes",
    "height": "4.2 in",
    "image sensor": "CMOS",
    "image stabilization": "Optical",
    "interface connection": "USB|HDMI",
    "lcd screen size": "3.2 in",
    "lens mount": "Nikon F",
    "max aperture": "3.5 X",
    "maximum video capture resolution": "1920 x 1080",
    "memory card support": "Secure Digital (SD) Card|Secure Digital Extended Capacity (SDXC)|Secure Digital High Capacity (SDHC) Card",
    "optical zoom": "5.5 X",
    "total pixels": "24710000 pixels",
    "url": "http://www.nikonusa.com/en/Nikon-Products/Product/Digital-SLR-Cameras/D7100.html",
    "warranty information": "1 year(s)",
    "weight": "23.8 oz",
    "width": "5.3 in",
    "wifi": "Yes"
}