{
    "<page title>": "Canon PowerShot 135 16 Megapixel Compact Camera - Purple (2.7\" LCD - 8x Optical Zoom - Electronic IS - 4608 X 3456 Image - 1280 X 720 Video - PictBridge - HD Movie Mode) Price Comparison at Buy.net",
    "camera type": "Compact Camera",
    "depth": "0.9 in",
    "digital zoom": "4x",
    "effective megapixels": "16 Megapixel",
    "flash": "Red-eye Fix|Auto Flash|Flash ON|Flash OFF|Slow Sync",
    "focal length": "5 mm to 40 mm",
    "focal length 35mm equivalent": "28 mm to 224 mm",
    "green compliance": "REACH|WEEE|RoHS",
    "height": "2.1 in",
    "image sensor": "CCD",
    "image stabilization": "Electronic",
    "lcd screen size": "2.7 in",
    "maximum video capture resolution": "1280 x 720",
    "memory card support": "Secure Digital Extended Capacity (SDXC)|Secure Digital (SD) Card|Secure Digital High Capacity (SDHC) Card",
    "optical zoom": "8 X",
    "total pixels": "16600000",
    "url": "http://www.usa.canon.com",
    "warranty information": "1 Year",
    "weight": "3.95 oz",
    "width": "3.8 in"
}