{
    "<page title>": "Fuji Blowers FinePix HS35EXR 16 Megapixel Bridge Camera - Black (3\" LCD - 30x Optical Zoom - Optical IS - 1920 X 1080 Video - HDMI - HD Movie Mode) Price Comparison at Buy.net",
    "analog video out": "Yes",
    "battery builtin": "No",
    "battery include": "Yes",
    "battery model supported": "NP-W126",
    "battery rechargeable": "Yes",
    "brand name": "Fujifilm",
    "builtin flash": "Yes",
    "camera modes": "Shooting Modes:AutoMacroMiniature EffectPanoramaScene Auto SelectorToy Camera Effect",
    "camera type": "Bridge Camera",
    "color": "Black",
    "depth": "5.0 in",
    "digital zoom": "2x",
    "effective megapixels": "16 Megapixel",
    "exposure control": "Aperture Priority AEManualProgramAEShutter Priority AE",
    "focal length": "4.20 mm to 126 mm",
    "focal length 35mm equivalent": [
        "24 mm to 720 mm",
        "24 mm to 720 mm"
    ],
    "hd movie mode": "Yes",
    "height": "3.8 in",
    "image sensor": "EXR CMOS",
    "image stabilization": "Optical",
    "iso sensitivity": "High ISO Auto",
    "lcd screen size": "3 in",
    "lens construction": "15 Elements in 11 Groups",
    "maximum frame rate": "30 fps",
    "maximum video capture resolution": "1920 x 1080",
    "memory card support": "Secure Digital (SD) Card|Secure Digital High Capacity (SDHC UHS-I)|Secure Digital Extended Capacity (SDXC UHS-I)|Secure Digital High Capacity (SDHC) Card|Secure Digital Extended Capacity (SDXC)",
    "normalizeddigital zoom": "2",
    "normalizedheight": "96.52",
    "normalizedoptical zoom": "30",
    "normalizedweight": "22.4",
    "number of batteries support": "1",
    "optical zoom": "30 X",
    "parent product type": "Digital Camera",
    "product line": "FinePix",
    "product model": "HS35EXR",
    "product series": "S",
    "url": "http://www.fujifilm.com",
    "viewfinder type": "Electronic",
    "warranty information": "1 Year",
    "weight": "1.40 lbs",
    "wide angle": "Yes",
    "width": "5.1 in"
}