{
    "<page title>": "Samsung WB30F Cobalt Black Digital Camera (16.2 MP, 10x Opt, Micro SD/Micro SDHC/Micor SDXC Card Slot) Price Comparison at Buy.net",
    "camera body only": "Body Only",
    "camera type": "Compact Camera",
    "depth": "0.7 in",
    "digital zoom": "5x",
    "effective megapixels": "16.2 Megapixel",
    "flash": "Auto Flash|Flash OFF|Flash ON|Slow Sync|Red-eye Fix|Red-eye Reduction",
    "focal length": "4.30 mm to 43 mm",
    "focal length 35mm equivalent": "24 mm to 240 mm",
    "green compliance": "WEEE|RoHS",
    "height": "2.3 in",
    "image sensor": "CCD",
    "image stabilization": "Optical",
    "installed memory": "9.5 MB",
    "interface connection": "USB|Video - Out (Unspecified)|HDMI",
    "lcd screen size": "3 in",
    "max aperture": "3.1 1/f",
    "maximum video capture resolution": "1920 x 810",
    "memory card support": "Secure Digital (SD) Card|Secure Digital Extended Capacity (SDXC)|microSD Extended Capacity (microSDXC)|microSDHC Card|microSD Card",
    "optical zoom": "10 X",
    "total pixels": "16600000",
    "url": "http://www.samsungusa.com",
    "warranty information": "1 Year",
    "weight": "4.64 oz",
    "width": "3.9 in"
}