{
    "<page title>": "Pentax K-3 Silver SLR Digital Camera (23.35 MP, SD/SDHC/SDXC Card Slot, 4 GB) Price Comparison at Buy.net",
    "camera body only": "Body Only",
    "camera type": "Digital SLR Camera",
    "depth": "3.19 in",
    "effective megapixels": "23350000 pixels",
    "flash": "Built-in Flash|Accessory Shoe",
    "height": "3.94 in",
    "image sensor": "CMOS",
    "installed memory": "4 GB",
    "interface connection": "USB|Video - Out (Unspecified)|HDMI|Audio - Line Out (1/8\" Mini)",
    "lcd screen size": "3.2 in",
    "lens mount": "Pentax KAF2",
    "maximum video capture resolution": "1920 x 1080",
    "memory card support": "Secure Digital (SD) Card|Secure Digital Extended Capacity (SDXC)|Secure Digital High Capacity (SDHC) Card",
    "total pixels": "24710000 pixels",
    "url": "http://www.pentaxwebstore.com/product/45034",
    "warranty information": "1 year(s)",
    "weight": "28.22 oz",
    "width": "5.19 in"
}