{
    "<page title>": "Olympus STYLUS XZ-2 IHS Black Digital Camera (12 MP, 4x Opt, SD/SDHC/SDXC Card Slot) Price Comparison at Buy.net",
    "camera type": "Compact Camera",
    "depth": "1.9 in",
    "digital zoom": "4x",
    "effective megapixels": "12 Megapixel",
    "flash": "Auto Flash|Flash OFF|Flash ON|Slow Sync|Red-eye Reduction|Wireless Flash",
    "focal length": "6 mm to 24 mm",
    "focal length 35mm equivalent": "28 mm to 112 mm",
    "green compliance": "WEEE|RoHS",
    "height": "2.6 in",
    "image sensor": "CMOS",
    "image stabilization": "Optical|Electronic",
    "installed memory": "39 MB",
    "interface connection": "A/V (RCA Composite)|HDMI|USB",
    "lcd screen size": "3 in",
    "max aperture": "1.8 1/f",
    "maximum video capture resolution": "1920 x 1080",
    "memory card support": "Secure Digital (SD) Card|Secure Digital Extended Capacity (SDXC)|Secure Digital High Capacity (SDHC) Card|Secure Digital Extended Capacity (SDXC UHS-I)|Secure Digital High Capacity (SDHC UHS-I)|Eye-Fi Card|Flash Air",
    "optical zoom": "4 X",
    "total pixels": "12800000",
    "url": "http://www.olympusamerica.com",
    "warranty information": "1 Year",
    "weight": "12.20 oz",
    "width": "4.4 in"
}