{
    "<page title>": "Hunter Boots X550 Black Digital Camera (16.07 MP, 15x Opt, SD/SDHC Card Slot) Price Comparison at Buy.net",
    "camera type": "Point & Shoot Digital Camera",
    "depth": "2.6 in",
    "digital zoom": "6 X",
    "effective megapixels": "16070000 pixels",
    "flash": "Built-in Flash|Accessory Shoe",
    "focal length": "4.9 mm to 73.5 mm",
    "focal length 35mm equivalent": "27 mm to 405 mm",
    "height": "2.9 in",
    "image sensor": "CCD",
    "image stabilization": "Optical",
    "installed memory": "13 MB",
    "interface connection": "USB",
    "lcd screen size": "2.7 in",
    "maximum video capture resolution": "640 x 480 (VGA)",
    "memory card support": "Secure Digital High Capacity (SDHC) Card|Secure Digital (SD) Card",
    "optical zoom": "15 X",
    "total pixels": "16560000 pixels",
    "url": "http://www.general-imaging.com/x550/",
    "warranty information": "90 day(s)",
    "weight": "15 oz",
    "width": "4 in"
}