{
    "<page title>": "General Electric Power Pro Series X2600 Black Digital Camera Kit W/ 4.7-122.2 Mm Lens (16.08 MP, 26x Opt, SD/SDHC Card Slot) Price Comparison at Buy.net",
    "camera body only": "Body Only",
    "camera type": "Point & Shoot Digital Camera",
    "depth": "2.9 in",
    "digital zoom": "5 X",
    "effective megapixels": "16080000 pixels",
    "flash": "Built-in Flash|Accessory Shoe",
    "focal length": "4.7 mm to 122.2 mm",
    "focal length 35mm equivalent": "26 mm to 676 mm",
    "height": "3.1 in",
    "image sensor": "CCD",
    "image stabilization": "Optical",
    "installed memory": "28 MB",
    "interface connection": "HDMI|USB",
    "lcd screen size": "3 in",
    "max aperture": "3.2 1/f",
    "maximum video capture resolution": "1280 x 720",
    "memory card support": "Secure Digital High Capacity (SDHC) Card|Secure Digital (SD) Card",
    "optical zoom": "26 X",
    "total pixels": "16440000 pixels",
    "url": "http://www.general-imaging.com/X2600/",
    "warranty information": "1 year(s)",
    "weight": "1.08 lbs",
    "width": "4.6 in"
}