{
    "<page title>": "Nikon 1 J2 Orange Digital Camera Kit W/ 10-30 Mm + 30-110 Mm Lens (10.1 MP, SD/SDHC/SDXC Card Slot) Price Comparison at Buy.net",
    "camera body only": "Body with Lens Kit",
    "camera type": "Mirrorless Camera",
    "depth": "1.2 in",
    "digital zoom": "No",
    "effective megapixels": "10.1 Megapixel",
    "flash": "Auto Flash|Flash OFF|Flash ON|Slow Sync|Red-eye Reduction|Rear Curtain Sync|Flash Exposure Compensation",
    "focal length": "10 mm to 30 mm (Lens 1) - 30 mm to 110 mm (Lens 2)",
    "focal length 35mm equivalent": "27 mm to 81 mm (Lens 1) - 81 mm to 297 mm (Lens 2)",
    "green compliance": "WEEE|RoHS",
    "height": "2.4 in",
    "image sensor": "CMOS",
    "image stabilization": "Optical",
    "lcd screen size": "3 in",
    "lens mount": "Nikon 1-mount",
    "maximum video capture resolution": "1920 x 1080",
    "memory card support": "Secure Digital (SD) Card|Secure Digital Extended Capacity (SDXC)|Secure Digital High Capacity (SDHC) Card",
    "optical zoom": "3 X (Lens 1) - 3.6 X (Lens 2)",
    "total pixels": "12000000",
    "url": "http://www.nikon.com",
    "warranty information": "1 Year",
    "weight": "8.40 oz",
    "width": "4.2 in"
}