{
    "<page title>": "Canon PowerShot SX200 IS 12.1 Megapixel Compact Camera - Black (3\" LCD - 12x Optical Zoom - 4000 X 3000 Image - 1280 X 720 Video - HDMI - PictBridge - HD Movie Mode) Price Comparison at Buy.net",
    "camera type": "Compact Camera",
    "depth": "1.5 in",
    "digital zoom": "4x",
    "effective megapixels": "12.1 Megapixel",
    "flash": "Auto Flash|Flash OFF|Flash ON|Red-eye Reduction",
    "focal length": "5 mm to 60 mm",
    "height": "2.4 in",
    "image sensor": "CCD",
    "image stabilization": "Optical",
    "interface connection": "1 x USB|1 x HDMI|1 x Audio/Video Out|1 x DC Power In",
    "lcd screen size": "3 in",
    "lens mount": "Fixed",
    "max aperture": "3.4 1/f",
    "maximum video capture resolution": "1280 x 720",
    "memory card support": "Secure Digital (SD) Card|Secure Digital High Capacity (SDHC) Card|MultiMediaCard (MMC)|MMCplus|HC MMCplus",
    "optical zoom": "12 X",
    "total pixels": "12400000",
    "url": "http://www.usa.canon.com",
    "warranty information": "1 Year Limited",
    "weight": "7.76 oz",
    "width": "4.1 in"
}