{
    "<page title>": "Nikon D7100 24 Megapixel Digital SLR Camera With 18-140mm VR Lens Kit - Black Price Comparison at Buy.net",
    "autofocus points": "51",
    "battery builtin": "No",
    "battery include": "Yes",
    "battery model supported": "EN-EL15",
    "battery rechargeable": "Yes",
    "brand name": "Nikon",
    "builtin flash": "Yes",
    "camera modes": "Scene Modes: Portrait Landscape Child Sports Close Up Night Portrait Night Landscape Party / Indoor Beach / Snow Sunset Dusk / Dawn Pet Portrait Candlelight Blossom Autumn Colors Food",
    "exposure control": "Program AE Shutter Priority AE Aperture Priority AE Manual",
    "green compliance": "Yes",
    "hd movie mode": "Yes",
    "iso sensitivity": "ISO 25600",
    "language support": "Vietnamese",
    "lens construction": "17 Elements in 12 Groups",
    "longest shutter speed": "30 Second",
    "maximum diopter adjustment": "1",
    "maximum frame rate": "60 fps",
    "minimum diopter adjustment": "-2",
    "number of batteries support": "1",
    "parent product type": "Digital Camera",
    "pictbridge": "Yes",
    "product model": "D7100",
    "self timer": "20 Second",
    "shortest shutter speed": "1/8000 Second",
    "software included": "View NX2",
    "viewfinder type": "SLR",
    "white balance modes": "Auto (2 Types) Incandescent Fluorescent (7 Types) Direct Sunlight Flash Cloudy Shade Manual Choose Color Temperature (2500 K - 10000 K) All with Fine-Tuning",
    "wide angle": "Yes"
}