{
    "<page title>": "Sony Cyber-shot DSC-H300 Black Digital Camera (20.1 MP, 35x Opt, SD/SDHC/SDXC/MS Duo/MS PRO Duo/MS PRO-HG Duo Card Slot) Price Comparison at Buy.net",
    "camera type": "Point & Shoot Digital Camera",
    "depth": "122.3 mm",
    "digital zoom": "2 X",
    "effective megapixels": "20100000 pixels",
    "flash": "Built-in Flash|Accessory Shoe",
    "focal length 35mm equivalent": "25 mm to 875 mm",
    "height": "95 mm",
    "image sensor": "CCD",
    "image stabilization": "Optical",
    "interface connection": "USB|A/V (RCA Composite)",
    "lcd screen size": "3 in",
    "max aperture": "3 1/f",
    "maximum video capture resolution": "1280 x 720",
    "memory card support": "Secure Digital (SD) Card|Secure Digital Extended Capacity (SDXC)|Secure Digital High Capacity (SDHC) Card|Memory Stick PRO-HG Duo|Memory Stick PRO Duo|Memory Stick PRO",
    "optical zoom": "35 X",
    "total pixels": "20400000 pixels",
    "url": "http://store.sony.com/sony-high-zoom-point-and-shoot-camera-zid27-DSCH300/B/cat-27-catid-All-Cyber-shot-Cameras",
    "warranty information": "1 year(s)",
    "weight": "495 g",
    "width": "129.6 mm"
}