{
    "<page title>": "Nikon D90 12.3 Megapixel Digital SLR Camera Body Only (3\" LCD - 4288 X 2848 Image - 1280 X 720 Video - HDMI - HD Movie Mode) Price Comparison at Buy.net",
    "autofocus points": "11",
    "battery builtin": "No",
    "battery include": "Yes",
    "battery rechargeable": "Yes",
    "brand name": "Nikon",
    "camera body only": "Body Only",
    "camera modes": "Shooting Modes:PortraitLandscapeClose-upSportsNight PortraitContinuous Shooting:4.5 frames per second",
    "camera type": "Digital SLR Camera",
    "effective megapixels": "12.3 Megapixel",
    "flash": "Red-eye Reduction|Flash OFF|Auto Flash",
    "focal length conversion factor slr": "1.5",
    "frequency band": "Sensitivity:200 in steps of 1/3, 1/2, 1 EV3200 in steps of 1/3, 1/2, 1 EVLo-1 (ISO 100 equivalent)Hi-1 (ISO 6400 equivalent)Supported Languages:Chinese (Simplified and Traditional)DutchEnglishFinnishFrenchGermanItalianJapaneseKoreanPolishPortugueseRussianSpanishSwedish",
    "hd movie mode": "Yes",
    "image stabilization": "Optical",
    "interface connection": "1 x USB|1 x Audio/Video Out|1 x HDMI|1 x DC Power In",
    "lcd screen size": "3 in",
    "lens construction": "Not Applicable",
    "lens mount": "Nikon F",
    "longest shutter speed": "30 Second",
    "maximum frame rate": "24 fps",
    "maximum image resolution": "4288 x 2848",
    "maximum video capture resolution": "1280 x 720",
    "memory card support": "Secure Digital (SD) Card|Secure Digital High Capacity (SDHC) Card",
    "normalizedheight": "104.14",
    "normalizednumber of image sensor pixels": "12.9",
    "normalizedweight": "21.92",
    "number of batteries support": "1",
    "product model": "D90",
    "shortest shutter speed": "1/4000 Second",
    "software included": "Software Suite",
    "viewfinder type": "SLR",
    "wide angle": "No"
}