{
    "<page title>": "Samsung WB2200F Black Digital Camera (16.4 MP, 60x Opt, SDHC/SDXC Card Slot) Price Comparison at Buy.net",
    "camera type": "Point & Shoot Digital Camera",
    "depth": "4.1 in",
    "digital zoom": "2 X",
    "effective megapixels": "16400000 pixels",
    "flash": "Built-in Flash|Accessory Shoe",
    "focal length": "3.58 mm to 214.8 mm",
    "focal length 35mm equivalent": "20 mm to 1200 mm",
    "height": "4.8 in",
    "image sensor": "CMOS",
    "image stabilization": "Optical",
    "installed memory": "17 MB",
    "interface connection": "USB|Video - Out (Unspecified)|HDMI|Audio - Line Out (1/8\" Mini)",
    "lcd screen size": "3 in",
    "max aperture": "2.8 1/f",
    "maximum video capture resolution": "1920 x 1080",
    "memory card support": "Secure Digital High Capacity (SDHC) Card|Secure Digital Extended Capacity (SDXC)",
    "optical zoom": "60 X",
    "url": "http://www.samsung.com/us/photography/digital-cameras/EC-WB2200BPBUS",
    "warranty information": "1 year(s)",
    "weight": "1.4 lbs",
    "width": "4.7 in",
    "wifi": "Yes"
}