{
    "<page title>": "Canon PowerShot SX170 IS Red Digital Camera (16 Megapixel - 3\" LCD - 16x Optical Zoom - Optical IS - 4608 X 3456 Image - 1280 X 720 Video - PictBridge - HD Movie Mode) Price Comparison at Buy.net",
    "camera type": "Compact Camera",
    "depth": "1.7 in",
    "digital zoom": "4x",
    "effective megapixels": "16 Megapixel",
    "flash": "Auto Flash|Flash OFF|Flash ON|Slow Sync",
    "focal length": "5 mm to 80 mm",
    "focal length 35mm equivalent": "28 mm to 448 mm",
    "height": "2.8 in",
    "image sensor": "CCD",
    "image stabilization": "Optical",
    "lcd screen size": "3 in",
    "maximum video capture resolution": "1280 x 720",
    "memory card support": "Secure Digital (SD) Card|Secure Digital Extended Capacity (SDXC)|Secure Digital High Capacity (SDHC) Card|Eye-Fi Card",
    "optical zoom": "16 X",
    "total pixels": "16600000",
    "url": "http://www.usa.canon.com",
    "warranty information": "1 Year",
    "weight": "8.04 oz",
    "width": "4.3 in"
}