{
    "<page title>": "Olympus Stylus Tough TG-850 Black Digital Camera (16 MP, 5x Opt, SD/SDHC/SDXC Card Slot, 37 MB) Price Comparison at Buy.net",
    "camera type": "Point & Shoot Digital Camera",
    "depth": "1.1 in",
    "digital zoom": "4 X",
    "effective megapixels": "16000000 pixels",
    "environmental protection": "Water Proof|Shock Proof|Freeze Proof|Dust Proof|Crush Proof",
    "flash": "Built-in Flash",
    "focal length": "3.74 mm to 18.7 mm",
    "focal length 35mm equivalent": "21 mm to 105 mm",
    "height": "2.5 in",
    "image sensor": "CMOS",
    "image stabilization": "Sensor Shift",
    "installed memory": "37 MB",
    "interface connection": "USB|HDMI|A/V (RCA Composite)",
    "lcd screen size": "3 in",
    "max aperture": "3.5 1/f",
    "maximum video capture resolution": "1920 x 1080",
    "memory card support": "Secure Digital High Capacity (SDHC) Card|Secure Digital (SD) Card|Secure Digital Extended Capacity (SDXC)",
    "optical zoom": "5 X",
    "url": "http://www.getolympus.com/us/en/digitalcameras/point-shoot/tg-850.html",
    "warranty information": "1 year(s)",
    "weight": "7.7 oz",
    "width": "4.3 in"
}