{
    "<page title>": "Nikon Coolpix L830 Black Digital Camera (16 MP, 34x Opt, SD/SDHC/SDXC Card Slot, 59 MB) Price Comparison at Buy.net",
    "camera type": "Point & Shoot Digital Camera",
    "depth": "3.6 in",
    "digital zoom": "4 X",
    "effective megapixels": "16000000 pixels",
    "flash": "Built-in Flash",
    "focal length": "4 mm to 136 mm",
    "focal length 35mm equivalent": "22.5 mm to 765 mm",
    "green compliance": "WEEE|RoHS",
    "height": "3 in",
    "image sensor": "CMOS",
    "image stabilization": "Sensor Shift",
    "installed memory": "59 MB",
    "interface connection": "USB|Video - Out (Unspecified)|HDMI",
    "lcd screen size": "3 in",
    "max aperture": "3.5 1/f",
    "maximum video capture resolution": "1920 x 1080",
    "memory card support": "Secure Digital High Capacity (SDHC) Card|Secure Digital Extended Capacity (SDXC)|Secure Digital (SD) Card",
    "optical zoom": "34 X",
    "total pixels": "16790000 pixels",
    "url": "http://www.nikonusa.com/en/Nikon-Products/Product/Compact-Digital-Cameras/26439/COOLPIX-L830.html",
    "warranty information": "1 year(s)",
    "weight": "18 oz",
    "width": "4.4 in"
}