{
    "<page title>": "Panasonic Lumix DMC-FZ50 10.1 Megapixel Bridge Camera - Black (2\" LCD - 12x Optical Zoom - Secure Digital SD Card Included - 3648 X 2736 Image - 848 X 480 Video - PictBridge) Price Comparison at Buy.net",
    "autofocus points": "9",
    "battery builtin": "No",
    "battery include": "Yes",
    "brand name": "Panasonic",
    "camera modes": "Color Effect Mode:CoolWarmBlack & WhiteSepiaBurst Shooting Mode:Standard Mode: Up to 5 images at 2 or 1 frames/secFine Mode: Up to 3 images",
    "camera type": "Bridge Camera",
    "continuous shooting speed": "5 frames/s (fps)",
    "effective megapixels": "10.1 Megapixel",
    "exposure control": "AutoProgram AEAperture Priority AEShutter Priority AEManual",
    "exposure settings": "AE Lock|Aperture Priority|Auto Exposure|Exposure Bracketing|Manual Exposure|Multiple Program Modes|Shutter Priority",
    "focus features": "Auto Focus|Manual Focus|Multiple Point Focusing|Spot Focus",
    "frequency band": "Built-in Microphone & SpeakerBacklight Compensation: Yes (at auto mode)Still Image Recording with Audio: 5 secondsAudio Dubbing: Maximum of 10 SecondsSensitivity:AutoISO 100ISO 200ISO 400ISO 800ISO 1600 (High Sensitivity Mode: 3200)OSD Language:EnglishSpanishJapaneseChinese (Traditional)GermanItalianFrenchExtra Optical Zoom:4:3 Aspect Ratio: 13.4x for 8MP, 17.1x for 5MP, 21.4x for 3MP, 2MP3:2 Aspect Ratio: 13.4x for 7MP, 17.1x for 4.5MP, 21.4x for 2.5MP16:9 Aspect Ratio: 13.4x for 5.5MP, 21.4x for 2MPDigital Zoom:2x / 4x pre-selectMax. 48x combined with Optical Zoom without Extra Optical ZoomMax. 85.5x combined with Extra Optical Zoom",
    "general features": "Photo Date/Time Stamping|Pictbridge Support|Self Timer",
    "gps": "No",
    "hd movie mode": "No",
    "image format": "JPEG",
    "image sensor quantity": "1",
    "image sensor size": "0.56 in",
    "image stabilization": "Optical",
    "included components": "Cables - Audio/Video|Cables - USB|Carrying Strap|Lens Cover|Microphone|Speaker|Telephoto Adapter",
    "iso equivalencies": "100|1600|200|3200|400",
    "lcd screen size": "2 in",
    "lens construction": "14 Elements in 10 Groups",
    "lens mount": "Fixed",
    "longest shutter speed": "60 Second",
    "max focal length": "88.8 mm",
    "max horizontal image resolution": "3648 pixels",
    "max vertical image resolution": "2736 pixels",
    "max zoom": "24 X",
    "maximum frame rate": "30 frames/s (fps)",
    "maximum shutter speed": "2000 1/f",
    "memory card support": "Secure Digital (SD) Card|MultiMediaCard (MMC)",
    "metering characteristics": "Center-weighted|Multi-Segment|Spot",
    "min aperture": "11 1/f",
    "min focal length": "7.4 mm",
    "min focus distance": "2 in",
    "minimum shutter speed": "60 sec.",
    "normalizeddigital zoom": "4",
    "normalizedheight": "0.00337",
    "normalizednumber of image sensor pixels": "10.4",
    "normalizedoptical zoom": "12",
    "normalizedweight": "23.52",
    "number of resolution modes": "14",
    "number of scene modes": "15",
    "pictbridge": "Yes",
    "power source": "DC Input|Lithium Ion Battery",
    "product line": "Lumix",
    "product model": "DMC-FZ50",
    "product series": "FZ",
    "removable flash memory included": "32 MB Secure Digital (SD) Card",
    "shortest shutter speed": "1/2000 Second",
    "shutter lag": "9 ms",
    "software included": "ArcSoft PhotoImpressionArcSoft Panorama MakerUSB DriverLumix Simple ViewerPhoto Fun StudioSILKYPIX Developer Studio (Ver. 2.0 SE)",
    "video capture format": "MJPEG",
    "viewfinder type": "Electronic",
    "white balance": "Auto|Manual|Preset Modes",
    "white balance modes": "AutoDaylightCloudyShadeHalogenFlashWhite Set 1,2White Balance Adjustment (150K step, -1500 +1500K) (except for auto WB)"
}