{
    "<page title>": "Fujifilm X-T1 Black Mirrorless Digital Camera (16.3 MP, SD/SDHC/SDXC Card Slot) Price Comparison at Buy.net",
    "camera body only": "Body Only",
    "camera type": "Mirrorless Interchangeable Lens Camera",
    "depth": "1.8 in",
    "effective megapixels": "16300000 pixels",
    "environmental protection": "Water Proof",
    "flash": "Accessory Shoe|Built-in Flash",
    "height": "3.5 in",
    "image sensor": "CMOS",
    "image stabilization": "Sensor Shift",
    "interface connection": "USB|HDMI",
    "lcd screen size": "3 in",
    "lens mount": "Fujifilm X",
    "memory card support": "Secure Digital High Capacity (SDHC) Card|Secure Digital Extended Capacity (SDXC)|Secure Digital (SD) Card",
    "total pixels": "16700000 pixels",
    "url": "http://www.fujifilmusa.com/products/digital_cameras/x/fujifilm_x_t1/",
    "warranty information": "1 year(s)",
    "weight": "13.7 oz",
    "width": "5 in",
    "wifi": "Yes"
}