{
    "<page title>": "Vivitar ViviCam 46 Red Digital Camera (4 MP, SD Card Slot) Price Comparison at Buy.net",
    "camera type": "Point & Shoot Digital Camera",
    "depth": "1.75 in",
    "digital zoom": "4 X",
    "effective megapixels": "4,000,000 pixels",
    "focal length": "7.7 mm",
    "height": "7.25 in",
    "image sensor": "CMOS",
    "interface connection": "USB",
    "lcd screen size": "1.5 in",
    "max aperture": "3 1/f",
    "maximum video capture resolution": "640 x 480 (VGA)",
    "memory card support": "Secure Digital (SD) Card",
    "total pixels": "4,100,000 pixels",
    "url": "http://www.vivitar.com/products/1/digital-cameras/1039/vivicam-46",
    "warranty information": "1 year(s)",
    "width": "9.75 in"
}