{
    "<page title>": "Fujifilm FinePix S1 Black Digital Camera (16.4 MP, 50x Opt, SD/SDHC/SDXC Card Slot, 37 MB) Price Comparison at Buy.net",
    "camera type": "Point & Shoot Digital Camera",
    "depth": "4.3 in",
    "digital zoom": "2 X",
    "effective megapixels": "16400000 pixels",
    "flash": "Built-in Flash|Accessory Shoe",
    "focal length": "4.3 mm to 215 mm",
    "focal length 35mm equivalent": "24 mm to 1200 mm",
    "height": "3.6 in",
    "image sensor": "CMOS",
    "image stabilization": "Optical",
    "installed memory": "37 MB",
    "interface connection": "USB|HDMI",
    "lcd screen size": "3 in",
    "max aperture": "2.8 1/f",
    "maximum video capture resolution": "1920 x 1080",
    "memory card support": "Secure Digital High Capacity (SDHC) Card|Secure Digital Extended Capacity (SDXC)|Secure Digital (SD) Card",
    "optical zoom": "50 X",
    "total pixels": "16800000 pixels",
    "url": "http://www.fujifilmusa.com/products/digital_cameras/s/finepix_s1/",
    "warranty information": "1 year(s)",
    "weight": "22.6 oz",
    "width": "5.2 in",
    "wifi": "Yes"
}