{
    "<page title>": "Sony Alpha A6000 Black Mirrorless Digital Camera (24.3 MP, SD/SDHC/SDXC/MS PRO Duo/MS PRO-HG Duo Slot) Price Comparison at Buy.net",
    "camera body only": "Body Only",
    "camera type": "Mirrorless Interchangeable Lens Camera",
    "depth": "1.81 in",
    "digital zoom": "4 X",
    "effective megapixels": "24300000 pixels",
    "flash": "Built-in Flash|Accessory Shoe",
    "height": "2.88 in",
    "image sensor": "CMOS",
    "image stabilization": "Optical",
    "interface connection": "USB|HDMI",
    "lcd screen size": "3 in",
    "lens mount": "Sony E",
    "maximum video capture resolution": "1920 x 1080",
    "memory card support": "Secure Digital High Capacity (SDHC) Card|Secure Digital Extended Capacity (SDXC)|Secure Digital (SD) Card|Memory Stick PRO-HG Duo|Memory Stick PRO Duo",
    "total pixels": "24700000 pixels",
    "url": "http://store.sony.com/mirrorless-dslr-camera-zid27-ILCE6000/B/cat-27-catid-All-Alpha-NEX-Cameras",
    "warranty information": "1 year(s)",
    "weight": "10.1 oz",
    "width": "4.75 in",
    "wifi": "Yes"
}