{
    "<page title>": "Olympus Pen E-P5 White Digital Camera (16.1 MP, SD/SDXC/SDHC Card Slot) Price Comparison at Buy.net",
    "camera body only": "Body Only",
    "camera type": "Point & Shoot Digital Camera",
    "depth": "1.46 in",
    "effective megapixels": "16100000 pixels",
    "flash": "Built-in Flash|Accessory Shoe",
    "gps enabled": "Yes",
    "height": "2.71 in",
    "image sensor": "CMOS",
    "image stabilization": "Sensor Shift",
    "interface connection": "HDMI|USB|Video - Out (Unspecified)",
    "lcd screen size": "3 in",
    "lens mount": "Micro Four Thirds",
    "maximum video capture resolution": "1920 x 1080",
    "memory card support": "Secure Digital High Capacity (SDHC) Card|Secure Digital (SD) Card|Secure Digital Extended Capacity (SDXC)",
    "total pixels": "17200000 pixels",
    "url": "http://www.getolympus.com/us/en/e-p5.html",
    "warranty information": "1 year(s)",
    "weight": "13.33 oz",
    "width": "4.81 in",
    "wifi": "Yes"
}