{
    "<page title>": "Samsung ST72 16.2 Megapixel Compact Camera - White (3\" LCD - 5x Optical Zoom - Electronic IS - 4608 X 3456 Image - 1280 X 720 Video - HD Movie Mode) Price Comparison at Buy.net",
    "camera type": "Compact Camera",
    "depth": "0.7 in",
    "digital zoom": "5x",
    "effective megapixels": "16.2 Megapixel",
    "flash": "Auto Flash|Flash OFF|Flash ON|Slow Sync|Red-eye Fix|Red-eye Reduction",
    "focal length": "4.50 mm to 22.50 mm",
    "focal length 35mm equivalent": "25 mm to 125 mm",
    "green compliance": "WEEE|RoHS",
    "height": "2.3 in",
    "image sensor": "CCD",
    "image stabilization": "Electronic",
    "lcd screen size": "3 in",
    "maximum video capture resolution": "1280 x 720",
    "memory card support": "microSD Card|microSDHC Card|microSD Extended Capacity (microSDXC)|Secure Digital (SD) Card|Secure Digital High Capacity (SDHC) Card|Secure Digital Extended Capacity (SDXC)",
    "optical zoom": "5 X",
    "total pixels": "16600000",
    "url": "http://www.samsungusa.com",
    "warranty information": "1 Year",
    "weight": "3.81 oz",
    "width": "3.7 in"
}