{
    "<page title>": "Sony DSC-W800 Black Digital Camera (20.1 MP, 5x Opt, SD/SDHC/SDXC/microSDHC/microSD/MS PRO-HG Duo/MS PRO Duo/MS Duo Card Slot) Price Comparison at Buy.net",
    "camera type": "Point & Shoot Digital Camera",
    "depth": "2.25 in",
    "digital zoom": "10 X",
    "effective megapixels": "20,100,000 pixels",
    "height": "0.88 in",
    "image sensor": "CCD",
    "interface connection": "A/V (RCA Composite)|USB|Audio - Line In (1/8\" Mini)",
    "lcd screen size": "2.7 in",
    "max aperture": "3.2 1/f",
    "maximum video capture resolution": "1280 x 720",
    "memory card support": "Secure Digital High Capacity (SDHC) Card|Secure Digital Extended Capacity (SDXC)|Secure Digital (SD) Card|microSDHC Card|microSD Card|Memory Stick PRO-HG Duo|Memory Stick PRO Duo|Memory Stick Duo",
    "optical zoom": "5 X",
    "total pixels": "20,400,000 pixels",
    "url": "http://store.sony.com/point-and-shoot-digital-still-camera-zid27-DSCW800//cat-27-catid-All-Cyber-shot-Cameras",
    "warranty information": "1 year(s)",
    "weight": "4.7 oz",
    "width": "2 in"
}