{
    "<page title>": "Nikon Coolpix L620 Black Digital Camera (18.1 MP, 14x Opt, SD/SDXC/SDHC Card Slot) Price Comparison at Buy.net",
    "camera body only": "Body Only",
    "camera type": "Point & Shoot Digital Camera",
    "depth": "1.4 in",
    "digital zoom": "2 X",
    "effective megapixels": "18.1 pixels",
    "flash": "Built-in Flash|Accessory Shoe",
    "focal length": "4.5 mm to 63 mm",
    "focal length 35mm equivalent": "25 mm to 350 mm",
    "height": "2.8 in",
    "image sensor": "CMOS",
    "interface connection": "USB|HDMI|A/V (RCA Composite)",
    "lcd screen size": "3 in",
    "max aperture": "2 1/f",
    "maximum video capture resolution": "1920 x 1080",
    "memory card support": "Secure Digital High Capacity (SDHC) Card|Secure Digital Extended Capacity (SDXC)|Secure Digital (SD) Card",
    "optical zoom": "14 X",
    "total pixels": "18.91 pixels",
    "url": "http://www.nikonusa.com/en/Nikon-Products/Product/Compact-Digital-Cameras/26425/COOLPIX-L620.html",
    "warranty information": "1 year(s)",
    "weight": "8.4 oz",
    "width": "4.3 in"
}