{
    "<page title>": "Panasonic Lumix DMC-GM1KS Silver Digital Camera Kit W/ 12-32 Mm Lens (16 MP, SD/SDHC/SDXC Card Slot) Price Comparison at Buy.net",
    "camera body only": "Body with Lens Kit",
    "camera type": "Mirrorless Interchangeable Lens Camera",
    "depth": "1.2 in",
    "effective megapixels": "16000000 pixels",
    "flash": "Built-in Flash",
    "focal length": "12 mm to 32 mm",
    "focal length 35mm equivalent": "24 mm to 64 mm",
    "height": "2.2 in",
    "image sensor": "CMOS",
    "image stabilization": "Sensor Shift",
    "interface connection": "USB|HDMI|A/V (RCA Composite)",
    "lcd screen size": "3 in",
    "lens mount": "Micro Four Thirds",
    "max aperture": "3.5 1/f",
    "maximum video capture resolution": "1920 x 1080",
    "memory card support": "Secure Digital (SD) Card|Secure Digital Extended Capacity (SDXC)|Secure Digital High Capacity (SDHC) Card",
    "total pixels": "16840000 pixels",
    "url": "http://shop.panasonic.com/shop/model/DMC-GM1KS",
    "warranty information": "1 year(s)",
    "weight": "7.4 oz",
    "width": "3.9 in",
    "wifi": "Yes"
}