{
    "<page title>": "Samsung WB35F 16.2 Megapixel Compact Camera - Purple (3\" LCD - 12x Optical Zoom - Optical IS - 4608 X 3456 Image - 1920 X 1080 Video - HD Movie Mode) Price Comparison at Buy.net",
    "camera type": "Compact Camera",
    "depth": "1.1 in",
    "digital zoom": "2x",
    "effective megapixels": "16.2 Megapixel",
    "flash": "Auto Flash|Red-eye Reduction|Fill Flash|Flash ON|Flash OFF|Slow Sync|Red-eye Fix",
    "focal length": "4.10 mm to 51.60 mm",
    "focal length 35mm equivalent": "24 mm to 288 mm",
    "height": "2.4 in",
    "image sensor": "CCD",
    "image stabilization": "Optical",
    "lcd screen size": "3 in",
    "maximum video capture resolution": "1920 x 1080",
    "memory card support": "microSD Card|microSDHC Card|microSD Extended Capacity (microSDXC)",
    "optical zoom": "12 X",
    "total pixels": "16600000",
    "url": "http://www.samsungusa.com",
    "weight": "5.12 oz",
    "width": "4 in"
}