{
    "<page title>": "Panasonic Lumix DMC-FH10 Black Digital Camera (16.1 Megapixel - 2.7\" LCD - 5x Optical Zoom - Optical IS - 4608 X 3456 Image - 1280 X 720 Video - PictBridge - HD Movie Mode) Price Comparison at Buy.net",
    "camera type": "Compact Camera",
    "depth": "0.7 in",
    "digital zoom": "4x",
    "effective megapixels": "16.1 Megapixel",
    "flash": "Auto Flash|Flash OFF|Flash ON|Slow Sync|Red-eye Reduction|Red-eye Fix",
    "focal length": "4.30 mm to 21.50 mm",
    "focal length 35mm equivalent": "24 mm to 120 mm",
    "height": "2.1 in",
    "image sensor": "CCD",
    "image stabilization": "Optical",
    "lcd screen size": "2.7 in",
    "maximum video capture resolution": "1280 x 720",
    "memory card support": "microSD Card|microSDHC Card",
    "optical zoom": "5 X",
    "total pixels": "16600000",
    "url": "http://www.panasonic.com",
    "warranty information": "1 Year",
    "weight": "3.00 oz",
    "width": "3.7 in"
}