{
    "<page title>": "Samsung NX300 White Digital Camera Kit W/ 20-50 Mm Lens (20.3 MP, 2.5x Opt, SD/SDHC/SDXC Card Slot) Price Comparison at Buy.net",
    "camera body only": "Body with Lens Kit",
    "camera type": "Mirrorless Camera",
    "depth": "1.6 in",
    "digital zoom": "2x",
    "effective megapixels": "20.3 Megapixel",
    "flash": "Auto Flash|Flash OFF|Flash ON|Flash Exposure Compensation|Rear Curtain Sync|Front Curtain Sync|Smart Flash|Red-eye Reduction",
    "focal length": "20 mm to 50 mm (Lens 1)",
    "focal length 35mm equivalent": "30.80 mm to 77 mm (Lens 1)",
    "green compliance": "WEEE",
    "height": "2.5 in",
    "image sensor": "CMOS",
    "image stabilization": "No",
    "lcd screen size": "3.3 in",
    "lens mount": "Samsung NX",
    "maximum video capture resolution": "1920 x 1080",
    "memory card support": "Secure Digital (SD) Card|Secure Digital Extended Capacity (SDXC)|Secure Digital High Capacity (SDHC) Card|Secure Digital Extended Capacity (SDXC UHS-I)|Secure Digital High Capacity (SDHC UHS-I)",
    "optical zoom": "2.5 X",
    "total pixels": "21600000",
    "url": "http://www.samsungusa.com",
    "weight": "9.92 oz",
    "width": "4.8 in"
}