{
    "<page title>": "Samsung Galaxy EK-GC100 White Digital Camera (16.1 MP, 20x Opt) Price Comparison at Buy.net",
    "camera body only": "Body Only",
    "camera type": "Point & Shoot Digital Camera",
    "depth": "0.75 in",
    "effective megapixels": "16100000 pixels",
    "environmental protection": "Water Proof",
    "flash": "Built-in Flash",
    "focal length 35mm equivalent": "23 mm to 483 mm",
    "gps enabled": "Yes",
    "height": "2.79 in",
    "image sensor": "CMOS",
    "installed memory": "8 GB",
    "lcd screen size": "4.8 in",
    "max aperture": "5.9 1/f",
    "maximum video capture resolution": "1920 x 1080",
    "optical zoom": "21 X",
    "url": "http://www.samsung.com/us/photography/digital-cameras/EK-GC100ZWAATT",
    "warranty information": "1 year(s)",
    "weight": "11 oz",
    "width": "5.07 in",
    "wifi": "Yes"
}