{
    "<page title>": "Sony Alpha ILCE-5000L 20.1 Megapixel Mirrorless Camera Body With Lens Kit - 16 Mm - 50 Mm - Silver (3\" LCD - 3.1x Optical Zoom - 5456 X 3632 Image - 1920 X 1080 Video - HDMI - HD Movie Mode) Price Comparison at Buy.net",
    "camera body only": "Body with Lens Kit",
    "camera type": "Mirrorless Camera",
    "depth": "1.4 in",
    "digital zoom": "2x",
    "effective megapixels": "20.1 Megapixel",
    "flash": "Auto Flash|Flash OFF|Fill Flash|Rear Curtain Sync|Slow Sync|Red-eye Reduction",
    "focal length": "16 mm to 50 mm (Lens 1)",
    "focal length 35mm equivalent": "24 mm to 75 mm (Lens 1)",
    "height": "2.5 in",
    "image sensor": "Exmor APS HD CMOS sensor",
    "image stabilization": "No",
    "lcd screen size": "3 in",
    "lens mount": "Sony E",
    "maximum video capture resolution": "1920 x 1080",
    "memory card support": "Memory Stick PRO-HG Duo|Memory Stick XC-HG Duo|Secure Digital (SD) Card|Secure Digital Extended Capacity (SDXC)|Secure Digital High Capacity (SDHC) Card|Memory Stick PRO Duo (Mark 2)",
    "optical zoom": "3.1 X",
    "total pixels": "20400000",
    "url": "http://www.sony.com",
    "warranty information": "1 Year",
    "weight": "7.41 oz",
    "width": "4.3 in"
}