{
    "<page title>": "Leica D-LUX 6 Black Digital Camera (10.1 MP, 3.8x Opt, SD/SDXC/SDHC Card Slot) Price Comparison at Buy.net",
    "camera body only": "Body Only",
    "camera type": "Compact Camera",
    "depth": "1.8 in",
    "digital zoom": "4x",
    "effective megapixels": "10.1 Megapixel",
    "flash": "Auto Flash|Flash OFF|Flash ON|Slow Sync|Red-eye Reduction|Pre-flash",
    "focal length": "4.70 mm to 17.70 mm",
    "focal length 35mm equivalent": "24 mm to 90 mm",
    "height": "2.6 in",
    "image sensor": "CMOS",
    "image stabilization": "Optical",
    "installed memory": "70 MB",
    "interface connection": "USB|HDMI|A/V (RCA Composite)",
    "lcd screen size": "3 in",
    "max aperture": "2.62 1/f",
    "maximum video capture resolution": "1920 x 1080",
    "memory card support": "Secure Digital (SD) Card|Secure Digital Extended Capacity (SDXC)|Secure Digital High Capacity (SDHC) Card",
    "optical zoom": "3.8 X",
    "total pixels": "12700000",
    "url": "http://www.leica-camera.com",
    "warranty information": "1 year(s)",
    "weight": "10.44 oz",
    "width": "4.4 in"
}