{
    "<page title>": "Nikon Coolpix S5200 Plum Digital Camera (16 MP, 6x Opt, SD/SDHC/SDXC Card Slot) Price Comparison at Buy.net",
    "camera body only": "Body Only",
    "camera type": "Point & Shoot Digital Camera",
    "depth": "0.9 in",
    "digital zoom": "4 X",
    "effective megapixels": "16 pixels",
    "flash": "Built-in Flash",
    "focal length": "4.6-27.6 mm",
    "focal length 35mm equivalent": "26-156 mm",
    "height": "2.3 in",
    "image sensor": "CMOS",
    "image stabilization": "Optical",
    "installed memory": "25 MB",
    "interface connection": "USB",
    "lcd screen size": "3 in",
    "max aperture": "3.5 1/f",
    "maximum video capture resolution": "1920 x 1080",
    "memory card support": "Secure Digital High Capacity (SDHC) Card|Secure Digital (SD) Card|Secure Digital Extended Capacity (SDXC)",
    "normalizeddigital zoom": "4",
    "normalizedheight": "58.42",
    "normalizedinstalled memory": "25",
    "normalizedoptical zoom": "6",
    "normalizedweight": "5.2",
    "optical zoom": "6 X",
    "total pixels": "16.79 pixels",
    "url": "http://imaging.nikon.com/lineup/coolpix/s/s5200/",
    "warranty information": "1 year(s)",
    "weight": "5.2 oz",
    "width": "3.9 in"
}