{
    "<page title>": "Nikon D90 Black SLR Digital Camera Kit W/ 18-105 Mm Lens (12.3 MP, 5.8x Opt, SD/SDHC Card Slot) Price Comparison at Buy.net",
    "bulb setting": "Yes",
    "camera body only": "Body with Lens Kit",
    "camera type": "Digital SLR Camera",
    "continuous shooting speed": "4 frames/s (fps)",
    "effective megapixels": "12.3 Megapixel",
    "exposure compensation range ": "1 EV",
    "exposure settings": "AE Lock|Aperture Priority|Auto Exposure|Exposure Bracketing|Manual Exposure|Multiple Program Modes|Shutter Priority",
    "flash": "Auto Flash|Flash OFF|Red-eye Reduction",
    "focal length conversion factor slr": "1.5",
    "focus features": "Auto Focus|Focus Lock|Manual Focus|Multiple Point Focusing",
    "general features": "Pictbridge Support|Rangefinder Camera|Self Timer",
    "image format": "JPEG|NEF|RAW",
    "image sensor quantity": "1",
    "image stabilization": "Optical",
    "included components": "Cables - Audio/Video|Cables - USB|Carrying Strap|External Battery Charger",
    "interface connection": "1 x USB|1 x Video Out|1 x DC Power In",
    "iso equivalencies": "200|3200|400|6400|800",
    "lcd screen size": "3 in",
    "lens mount": "Nikon F",
    "max focal length": "105 mm",
    "max horizontal image resolution": "4288 pixels",
    "max vertical image resolution": "2848 pixels",
    "maximum frame rate": "24 frames/s (fps)",
    "maximum shutter speed": "4000 1/x sec.",
    "maximum video capture resolution": "1280 x 720",
    "memory card support": "Secure Digital (SD) Card|Secure Digital High Capacity (SDHC) Card",
    "metering characteristics": "Center-weighted|Spot",
    "min aperture": "38 1/f",
    "min focal length": "18 mm",
    "min focus distance": "17.7 in",
    "minimum shutter speed": "30 sec.",
    "number of resolution modes": "6",
    "number of scene modes": "5",
    "power source": "DC Input|Lithium Ion Battery",
    "shutter lag": "65 ms",
    "video capture format": "AVI|MJPEG",
    "white balance": "Auto|Manual|Preset Modes|TTL Auto"
}