{
    "<page title>": "Nikon D610 FX Black SLR Digital Camera Kit W/ 24-85 Mm Lens (24.3 MP, 3.5x Opt, SD/SDHC/SDXC) Price Comparison at Buy.net",
    "camera body only": "Body with Lens Kit",
    "camera type": "Digital SLR Camera",
    "depth": "3.2 in",
    "effective megapixels": "24.3 Megapixel",
    "flash": "Accessory Shoe|Built-in Flash",
    "focal length": "24 - 85mm",
    "height": "4.4 in",
    "image sensor": "CMOS",
    "image stabilization": "Optical",
    "interface connection": "Audio - Line In (1/8\" Mini)|Audio - Line Out (1/8\" Mini)|HDMI|USB",
    "lcd screen size": "3.2 in",
    "lens mount": "Nikon F",
    "max aperture": "3.5 1/f",
    "maximum video capture resolution": "1920 x 1080",
    "memory card support": "Secure Digital (SD) Card|Secure Digital Extended Capacity (SDXC)|Secure Digital High Capacity (SDHC) Card",
    "optical zoom": "3.5 X",
    "total pixels": "24.7 Megapixel",
    "url": "http://www.nikonusa.com/en/Nikon-Products/Product/Digital-SLR-Cameras/D610.html",
    "warranty information": "1 year(s)",
    "weight": "26.8 oz",
    "width": "5.6 in"
}