{
    "<page title>": "Canon PowerShot G1 X Mark II Black Digital Camera (12.8 MP, 5x Opt, SD/SDHC/SDXC Card Slot) Price Comparison at Buy.net",
    "camera type": "Point & Shoot Digital Camera",
    "depth": "2.61 in",
    "digital zoom": "4 X",
    "effective megapixels": "12800000 pixels",
    "environmental protection": "Weather Resistant",
    "flash": "Accessory Shoe|Built-in Flash",
    "focal length": "12.5 mm to 62.5 mm",
    "focal length 35mm equivalent": "24 mm to 120 mm",
    "green compliance": "REACH|RoHS|WEEE",
    "height": "2.91 in",
    "image sensor": "CMOS",
    "image stabilization": "Optical",
    "interface connection": "HDMI|Audio - Line Out (1/8\" Mini)",
    "lcd screen size": "1.5 in",
    "max aperture": "2 1/f",
    "maximum video capture resolution": "1920 x 1080",
    "memory card support": "Secure Digital High Capacity (SDHC) Card|Secure Digital (SD) Card|Secure Digital Extended Capacity (SDXC)",
    "optical zoom": "5 X",
    "total pixels": "15000000 pixels",
    "url": "http://shop.usa.canon.com/shop/en/catalog/cameras/powershot-g-s-series-digital-cameras/powershot-g1-x-mark-ii-canon-direct-exclusive-kit",
    "warranty information": "1 year(s)",
    "weight": "18.2 oz",
    "width": "4.58 in"
}