{
    "<page title>": "Nikon D3x 24.5 Megapixel Digital SLR Camera Body Only (3\" LCD - 6048 X 4032 Image - HDMI) Price Comparison at Buy.net",
    "camera body only": "Body Only",
    "camera type": "Digital SLR Camera",
    "depth": "3.4 in",
    "effective megapixels": "24.5 Megapixel",
    "flash": "Accessory Shoe",
    "focal length": "No",
    "focal length conversion factor slr": "1.5",
    "height": "6.2 in",
    "image sensor": "CMOS",
    "interface connection": "1 x USB|1 x HDMI|1 x Audio/Video Out|1 x DC Power In",
    "lcd screen size": "3 in",
    "lens mount": "Nikon F",
    "memory card support": "CompactFlash (CF) Card|Microdrive",
    "total pixels": "25700000",
    "url": "http://www.nikon.com",
    "warranty information": "1 Year Limited",
    "weight": "2.69 lbs",
    "width": "6.3 in"
}