{
    "<page title>": "Nikon D4S Black SLR Digital Camera (16.2 MP, CF/XQD Card Slot) Price Comparison at Buy.net",
    "camera body only": "Body Only",
    "camera type": "Digital SLR Camera",
    "depth": "3.6 in",
    "effective megapixels": "16200000 pixels",
    "flash": "Accessory Shoe|Built-in Flash",
    "gps enabled": "Yes",
    "height": "6.2 in",
    "image sensor": "CMOS",
    "image stabilization": "Sensor Shift",
    "interface connection": "USB|HDMI|Audio - Line Out (1/8\" Mini)",
    "lcd screen size": "3.2 in",
    "lens mount": "Nikon F",
    "maximum video capture resolution": "1920 x 1080",
    "memory card support": "CompactFlash (CF) Card",
    "total pixels": "16600000 pixels",
    "url": "http://www.nikonusa.com/en/Nikon-Products/Product/Digital-SLR-Cameras/1541/D4S.html",
    "warranty information": "1 year(s)",
    "weight": "41.6 oz",
    "width": "6.3 in",
    "wifi": "Yes"
}