{
    "<page title>": "Canon EOS Rebel T2i Black SLR Digital Camera Kit W/ 18-55mm Lens (18MP, 3.1x Opt, SD/SDHC/SDXC Card Slot) Price Comparison at Buy.net",
    "camera body only": "Body with Lens Kit",
    "camera type": "Digital SLR Camera",
    "depth": "3.0 in",
    "effective megapixels": "18 Megapixel",
    "flash": "Auto Flash|Flash OFF|Flash ON|Red-eye Reduction",
    "focal length": "18 mm to 55 mm (Lens 1)",
    "height": "3.8 in",
    "image stabilization": "Optical",
    "lcd screen size": "3 in",
    "lens mount": "Canon EF/EF-S",
    "maximum video capture resolution": "1920 x 1080",
    "memory card support": "Secure Digital Extended Capacity (SDXC)|Secure Digital (SD) Card|Secure Digital High Capacity (SDHC) Card",
    "optical zoom": "3.1 X",
    "url": "http://www.usa.canon.com",
    "warranty information": "1 Year",
    "weight": "1.17 lbs",
    "width": "5.1 in"
}