{
    "<page title>": "Olympus SP-820UZ IHS Black Digital Camera (14 MP, 40x Opt, SD/SDHC/SDXC Slot) Price Comparison at Buy.net",
    "camera type": "Compact Camera",
    "depth": "3.7 in",
    "digital zoom": "4x",
    "effective megapixels": "14 Megapixel",
    "flash": "Auto Flash|Flash OFF|Flash ON|Red-eye Reduction",
    "focal length": "4 mm to 160 mm",
    "focal length 35mm equivalent": "22.40 mm to 896 mm",
    "height": "3.1 in",
    "image sensor": "CMOS",
    "image stabilization": "Electronic|Optical",
    "lcd screen size": "3 in",
    "maximum video capture resolution": "1920 x 1080",
    "memory card support": "Secure Digital (SD) Card|Secure Digital Extended Capacity (SDXC)|Secure Digital High Capacity (SDHC) Card|Eye-Fi Card",
    "optical zoom": "40 X",
    "total pixels": "15300000",
    "url": "http://www.olympusamerica.com",
    "warranty information": "1 Year",
    "weight": "1.07 lbs",
    "width": "4.6 in"
}