{
    "<page title>": "Pentax K-3 Black SLR Digital Camera Kit W/ 18-135 Mm Lens (23.35 MP, 7.5x Opt, SD/SDHC/SDXC Card Slot) Price Comparison at Buy.net",
    "camera body only": "Body with Lens Kit",
    "camera type": "Digital SLR Camera",
    "depth": "3.1 in",
    "effective megapixels": "23350000 pixels",
    "environmental protection": "Water Resistant|Dust Proof",
    "flash": "Accessory Shoe|Built-in Flash",
    "focal length": "18 mm to 135 mm",
    "focal length 35mm equivalent": "27.5 mm to 207 mm",
    "height": "3.9 in",
    "image sensor": "CMOS",
    "image stabilization": "Sensor Shift",
    "interface connection": "Video - Out (Unspecified)|USB|HDMI",
    "lcd screen size": "3.2 in",
    "lens mount": "Pentax KAF2",
    "max aperture": "3.5 1/f",
    "maximum video capture resolution": "1920 x 1080",
    "memory card support": "Secure Digital (SD) Card|Secure Digital Extended Capacity (SDXC)|Secure Digital High Capacity (SDHC) Card",
    "optical zoom": "7.5 X",
    "total pixels": "24710000 pixels",
    "url": "http://www.pentaxwebstore.com/product/49300",
    "warranty information": "1 year(s)",
    "weight": "1.8 lbs",
    "width": "5.2 in",
    "wifi": "Yes"
}