{
    "<page title>": "Fujifilm FinePix SL280 14 Megapixel Bridge Camera (3\" LCD - 28x Optical Zoom - Optical, Electronic IS - 4288 X 3216 Image - 1280 X 720 Video - HDMI - PictBridge - HD Movie Mode) Price Comparison at Buy.net",
    "camera type": "Bridge Camera",
    "depth": "3.9 in",
    "digital zoom": "6.7x",
    "effective megapixels": "14 Megapixel",
    "flash": "Auto Flash|Flash ON|Flash OFF|Slow Sync|Red-eye Reduction",
    "focal length": "4.30 mm to 120.40 mm",
    "focal length 35mm equivalent": "24 mm to 672 mm",
    "height": "3.7 in",
    "image sensor": "CCD",
    "image stabilization": "Optical|Electronic",
    "lcd screen size": "3 in",
    "maximum video capture resolution": "1280 x 720",
    "memory card support": "Secure Digital (SD) Card|Secure Digital High Capacity (SDHC) Card|Secure Digital Extended Capacity (SDXC)",
    "optical zoom": "28 X",
    "url": "http://www.fujifilm.com",
    "warranty information": "1 Year",
    "weight": "1.04 lbs",
    "width": "4.8 in"
}