{
    "<page title>": "Intova IC14 Red Digital Camera (14 MP, 5x Opt, SD/SDHC Card Slot) Price Comparison at Buy.net",
    "camera type": "Point & Shoot Digital Camera",
    "depth": "0.74 in",
    "digital zoom": "6 X",
    "effective megapixels": "14000000 pixels",
    "environmental protection": "Water Proof",
    "height": "2.26 in",
    "image sensor": "CCD",
    "installed memory": "32 MB",
    "lcd screen size": "2.7 in",
    "max aperture": "2.8 1/f",
    "maximum video capture resolution": "1366 x 768",
    "memory card support": "Secure Digital High Capacity (SDHC) Card|Secure Digital (SD) Card",
    "optical zoom": "5 X",
    "url": "http://www.intova.net/products/ic14-digital-camera-with-waterproof-housing/",
    "warranty information": "1 year(s)",
    "weight": "3.88 oz",
    "width": "3.81 in"
}