{
    "<page title>": "Fuji Blowers FinePix F900EXR 16 Megapixel Compact Camera - Blue (3\" LCD - 20x Optical Zoom - Optical IS - 4608 X 3456 Image - 1920 X 1080 Video - HDMI - PictBridge - HD Movie Mode) Price Comparison at Buy.net",
    "battery builtin": "No",
    "battery include": "Yes",
    "battery model supported": "NP-50A",
    "battery rechargeable": "Yes",
    "brand name": "Fujifilm",
    "builtin flash": "Yes",
    "camera modes": "Shooting Modes:PortraitPortrait EnhancerLandscapeSportNightNight (Tripod)FireworksSunsetSnowBeachUnderwaterPartyFlowerText",
    "camera type": "Compact Camera",
    "depth": "1.4 in",
    "digital zoom": "2x",
    "effective megapixels": "16 Megapixel",
    "exposure control": "Program AEAperture Priority AEShutter Priority AEManual",
    "flash": "Flash ON|Flash OFF|Auto Flash|Slow Sync|Red-eye Reduction|Suppressed Flash",
    "focal length": "4.60 mm to 92 mm",
    "focal length 35mm equivalent": [
        "25 mm to 500 mm",
        "25 mm to 500 mm"
    ],
    "gps": "No",
    "hd movie mode": "Yes",
    "height": "2.4 in",
    "image sensor": "EXR CMOS II",
    "image stabilization": "Optical",
    "iso sensitivity": "ISO 12800",
    "lcd screen size": "3 in",
    "lens construction": "14 Elements in 11 Groups",
    "longest shutter speed": "8 Second",
    "maximum diopter adjustment": "No",
    "maximum frame rate": "480 fps",
    "maximum video capture resolution": "1920 x 1080",
    "memory card support": "Secure Digital (SD) Card|Secure Digital High Capacity (SDHC) Card|Secure Digital High Capacity (SDHC UHS-I)|Secure Digital Extended Capacity (SDXC)|Secure Digital Extended Capacity (SDXC UHS-I)",
    "minimum diopter adjustment": "No",
    "normalizeddigital zoom": "2",
    "normalizedheight": "60.96",
    "normalizedoptical zoom": "20",
    "normalizedweight": "7.48",
    "number of batteries support": "1",
    "optical zoom": "20 X",
    "parent product type": "Digital Camera",
    "parent retsku": "B00B9775OC",
    "pictbridge": "Yes",
    "product line": "FinePix",
    "product model": "F900EXR",
    "product series": "F",
    "shortest shutter speed": "1/2000 Second",
    "url": "http://www.fujifilm.com",
    "viewfinder type": "No",
    "warranty information": "1 Year",
    "weight": "7.48 oz",
    "white balance modes": "FineShadeFluorescent Light (Daylight)Fluorescent Light (Warm White)Fluorescent Light (Cool White)Incandescent LightUnderwaterCustomAutomatic Scene Recognition",
    "wide angle": "Yes",
    "width": "4.1 in"
}