{
    "<page title>": "Panasonic Lumix DMC-LZ40 Black Digital Camera (20 MP, 42x Opt, SD/SDHC/SDXC Card Slot, 80 MB) Price Comparison at Buy.net",
    "camera type": "Point & Shoot Digital Camera",
    "depth": "3.71 in",
    "digital zoom": "4 X",
    "effective megapixels": "20000000 pixels",
    "flash": "Built-in Flash|Accessory Shoe",
    "focal length": "4 mm to 168 mm",
    "focal length 35mm equivalent": "22 mm to 924 mm",
    "height": "3.41 in",
    "image sensor": "CCD",
    "image stabilization": "Optical",
    "installed memory": "80 MB",
    "interface connection": "USB|Audio - Line Out (1/8\" Mini)",
    "lcd screen size": "3 in",
    "max aperture": "3 1/f",
    "maximum video capture resolution": "1280 x 720",
    "memory card support": "Secure Digital High Capacity (SDHC) Card|Secure Digital (SD) Card|Secure Digital Extended Capacity (SDXC)",
    "optical zoom": "42 X",
    "total pixels": "20500000 pixels",
    "url": "http://www.panasonic.com/au/consumer/imaging/lumix-cameras/dmc-lz40.html",
    "warranty information": "1 year(s)",
    "weight": "1.1 lbs",
    "width": "4.98 in"
}