{
    "<page title>": "Nikon Coolpix AW120 Blue Digital Camera (16 MP, 5x Opt, SD/SDHC/SDXC Card Slot, 329 MB) Price Comparison at Buy.net",
    "camera type": "Point & Shoot Digital Camera",
    "depth": "1 in",
    "digital zoom": "4 X",
    "effective megapixels": "16000000 pixels",
    "environmental protection": "Water Proof|Shock Proof|Freeze Proof",
    "flash": "Accessory Shoe|Built-in Flash",
    "focal length": "4.3 mm to 21.5 mm",
    "focal length 35mm equivalent": "24 mm to 120 mm",
    "gps enabled": "Yes",
    "height": "2.6 in",
    "image sensor": "CMOS",
    "image stabilization": "Optical",
    "installed memory": "329 MB",
    "interface connection": "Video - Out (Unspecified)|USB|HDMI",
    "lcd screen size": "3 in",
    "max aperture": "2.8 1/f",
    "maximum video capture resolution": "1920 x 1080",
    "memory card support": "Secure Digital (SD) Card|Secure Digital Extended Capacity (SDXC)|Secure Digital High Capacity (SDHC) Card",
    "optical zoom": "5 X",
    "total pixels": "16760000 pixels",
    "url": "http://www.nikonusa.com/en/Nikon-Products/Product/Compact-Digital-Cameras/26467/COOLPIX-AW120.html",
    "warranty information": "1 year(s)",
    "weight": "7.5 oz",
    "width": "4.4 in",
    "wifi": "Yes"
}