{
    "<page title>": "Sony DSC-RX100M II Cyber-Shot Black Digital Camera (20.2 MP, 3.6x Opt, SD Card Slot) Price Comparison at Buy.net",
    "camera type": "Compact Camera",
    "depth": "1.4 in",
    "digital zoom": "14x",
    "effective megapixels": "20.2 Megapixel",
    "flash": "Auto Flash|Flash ON|Flash OFF|Rear Curtain Sync|Slow Sync",
    "focal length": "10.40 mm to 37.10 mm",
    "focal length 35mm equivalent": "28 mm to 100 mm",
    "height": "2.3 in",
    "image sensor": "Exmor CMOS",
    "image stabilization": "Optical",
    "lcd screen size": "3 in",
    "maximum video capture resolution": "1920 x 1080",
    "memory card support": "Memory Stick Duo|Memory Stick PRO Duo|Memory Stick PRO High Speed Duo|Memory Stick PRO-HG Duo|Secure Digital (SD) Card|Secure Digital Extended Capacity (SDXC)|Secure Digital High Capacity (SDHC) Card|Eye-Fi Card",
    "optical zoom": "3.6 X",
    "total pixels": "20900000",
    "url": "http://www.sony.com",
    "warranty information": "1 Year",
    "weight": "7.51 oz",
    "width": "4.0 in"
}