{
    "<page title>": "Canon PowerShot SX260 HS Black Digital Camera (12.1 MP, 20x Opt, SD/SDHC/SDXC Card Slot) Price Comparison at Buy.net",
    "camera type": "Compact Camera",
    "depth": "1.3 in",
    "digital zoom": "4x",
    "effective megapixels": "12.1 Megapixel",
    "flash": "Auto Flash|Flash ON|Flash OFF|Slow Sync|Rear Curtain Sync|Red-eye Reduction|Flash Exposure Compensation",
    "focal length": "4.50 mm to 90 mm",
    "focal length 35mm equivalent": "25 mm to 500 mm",
    "green compliance": "RoHS|WEEE|REACH",
    "height": "2.4 in",
    "image sensor": "CMOS",
    "image stabilization": "Optical",
    "lcd screen size": "3 in",
    "maximum video capture resolution": "1920 x 1080",
    "memory card support": "Secure Digital (SD) Card|Secure Digital High Capacity (SDHC) Card|Secure Digital Extended Capacity (SDXC)",
    "optical zoom": "20 X",
    "total pixels": "12800000",
    "url": "http://www.usa.canon.com",
    "warranty information": "1 Year Limited",
    "weight": "7.34 oz",
    "width": "4.2 in"
}