{
    "<page title>": "Canon PowerShot G16 Black Digital Camera (12.1 MP, 5x Opt, SD Card Slot) Price Comparison at Buy.net",
    "camera type": "Point & Shoot Digital Camera",
    "depth": "1.59 in",
    "digital zoom": "4 X",
    "effective megapixels": "12100000 pixels",
    "flash": "Built-in Flash|Accessory Shoe",
    "focal length": "6.1 mm to 30.5 mm",
    "focal length 35mm equivalent": "28mm to 140 mm",
    "height": "2.99 in",
    "image sensor": "CMOS",
    "image stabilization": "Optical",
    "interface connection": "USB|HDMI|A/V (RCA Composite)",
    "lcd screen size": "3 in",
    "max aperture": "1.8 1/f",
    "maximum video capture resolution": "1920 x 1080",
    "memory card support": "Secure Digital High Capacity (SDHC) Card|Secure Digital Extended Capacity (SDXC)|Secure Digital (SD) Card",
    "optical zoom": "5 X",
    "total pixels": "12800000 pixels",
    "url": "http://www.usa.canon.com/cusa/support/consumer/digital_cameras/powershot_g_series/powershot_g16",
    "warranty information": "1 year(s)",
    "weight": "12.6 oz",
    "width": "4.28 in",
    "wifi": "Yes"
}