{
    "<page title>": "Nikon D610 Black SLR Digital Camera Kit W/ 24-85 Mm & 70-300 Mm Lens (24.3 MP, SD/SDHC/SDXC Card Slot) Price Comparison at Buy.net",
    "camera body only": "Body with Lens Kit",
    "camera type": "Digital SLR Camera",
    "depth": "3.2 in",
    "effective megapixels": "24300000 pixels",
    "flash": "Built-in Flash|Accessory Shoe",
    "focal length": "24 mm to 85 mm",
    "gps enabled": "Yes",
    "height": "4.4 in",
    "image sensor": "CMOS",
    "image stabilization": "Sensor Shift",
    "interface connection": "USB|HDMI|Audio - Line Out (1/8\" Mini)",
    "lcd screen size": "3.2 in",
    "lens mount": "Nikon F",
    "max aperture": "3.5 1/f",
    "maximum video capture resolution": "1920 x 1080",
    "memory card support": "Secure Digital High Capacity (SDHC) Card|Secure Digital Extended Capacity (SDXC)|Secure Digital (SD) Card",
    "total pixels": "24700000 pixels",
    "url": "http://www.nikonusa.com/en/Nikon-Products/Product/Digital-SLR-Cameras/1540/D610.html",
    "warranty information": "1 year(s)",
    "weight": "26.8 oz",
    "width": "5.6 in",
    "wifi": "Yes"
}