{
    "<page title>": "Fujifilm FinePix S8600 Black Digital Camera (16 MP, 36x Opt, SD/SDHC/SDXC Card Slot) Price Comparison at Buy.net",
    "camera type": "Point & Shoot Digital Camera",
    "depth": "2.7 in",
    "digital zoom": "2 X",
    "effective megapixels": "16000000 pixels",
    "flash": "Built-in Flash|Accessory Shoe",
    "focal length": "4.5 mm to 162 mm",
    "focal length 35mm equivalent": "25 mm to 900 mm",
    "height": "3.2 in",
    "image sensor": "CCD",
    "image stabilization": "Optical",
    "interface connection": "USB|HDMI",
    "lcd screen size": "3 in",
    "max aperture": "2.9 1/f",
    "maximum video capture resolution": "1280 x 720",
    "memory card support": "Secure Digital High Capacity (SDHC) Card|Secure Digital (SD) Card|Secure Digital Extended Capacity (SDXC)",
    "optical zoom": "36 X",
    "total pixels": "16440000 pixels",
    "url": "http://www.fujifilmusa.com/products/digital_cameras/s/finepix_s8600/features/index.html",
    "warranty information": "1 year(s)",
    "weight": "13.4 oz",
    "width": "4.8 in"
}