{
    "<page title>": "Nikon D610 FX-format 24.3 MP 1080p Video Digital SLR Camera With 28-300mm Lens Price Comparison at Buy.net",
    "camera body only": "Body with Lens Kit",
    "camera type": "Digital SLR Camera",
    "depth": "3.2 in",
    "digital zoom": "No",
    "effective megapixels": "24.3 Megapixel",
    "environmental protection": "Water Resistant|Dust Resistant",
    "flash": "Auto Flash|Flash OFF|Flash ON|Slow Sync|Rear Curtain Sync|Front Curtain Sync|Red-eye Reduction|Flash Exposure Compensation",
    "focal length": "28 mm to 300 mm (Lens 1)",
    "green compliance": "WEEE|RoHS",
    "height": "4.4 in",
    "image sensor": "CMOS",
    "image stabilization": "Optical",
    "lcd screen size": "3.2 in",
    "lens mount": "Nikon F",
    "maximum video capture resolution": "1920 x 1080",
    "memory card support": "Secure Digital (SD) Card|Secure Digital Extended Capacity (SDXC)|Secure Digital High Capacity (SDHC) Card|Eye-Fi Card",
    "optical zoom": "10.7 X",
    "total pixels": "24700000",
    "url": "http://www.nikon.com",
    "warranty information": "1 Year",
    "weight": "1.68 lbs",
    "width": "5.6 in"
}