{
    "<page title>": "Sony DSCWX350W White Digital Camera (18.2 MP, 20x Opt, SD/SDHC/MS Duo Card Slot) Price Comparison at Buy.net",
    "camera type": "Point & Shoot Digital Camera",
    "depth": "0.69 in",
    "effective megapixels": "18200000 pixels",
    "focal length 35mm equivalent": "28.5 mm to 1425 mm",
    "height": "2.25 in",
    "image sensor": "CMOS",
    "image stabilization": "Optical",
    "interface connection": "USB|HDMI",
    "lcd screen size": "3 in",
    "max aperture": "3.5 1/f",
    "maximum video capture resolution": "1920 x 1080",
    "memory card support": "Secure Digital High Capacity (SDHC) Card|Secure Digital (SD) Card|Memory Stick Duo",
    "optical zoom": "20 X",
    "total pixels": "21100000 pixels",
    "url": "http://store.sony.com/point-and-shoot-digital-still-camera-zid27-DSCWX350//cat-27-catid-All-Cyber-shot-Cameras",
    "warranty information": "1 year(s)",
    "weight": "4.8 oz",
    "width": "3.88 in",
    "wifi": "Yes"
}