{
    "<page title>": "Sakar IS326BLK Black Digital Camera (16.1 MP, 21x Opt) Price Comparison at Buy.net",
    "camera type": "Point & Shoot Digital Camera",
    "depth": "4.1 in",
    "effective megapixels": "16100000 pixels",
    "height": "5.4 in",
    "image sensor": "CMOS",
    "interface connection": "HDMI",
    "lcd screen size": "2 in",
    "optical zoom": "21 X",
    "url": "http://www.sakar.com/",
    "warranty information": "1 year(s)",
    "weight": "12.8 oz",
    "width": "6.7 in"
}