{
    "<page title>": "Panasonic Lumix DMC-G5KK Black Digital Camera Kit W/ 14-42mm Lens (3x Opt, 16.05 MP, SD/SDHC/SDXC Card Slot) Price Comparison at Buy.net",
    "camera body only": "Body with Lens Kit",
    "camera type": "Mirrorless Camera",
    "depth": "2.8 in",
    "digital zoom": "4x",
    "effective megapixels": "16.1 Megapixel",
    "flash": "Auto Flash|Flash ON|Flash OFF|Red-eye Reduction|Slow Sync",
    "focal length": "14 mm to 42 mm (Lens 1)",
    "focal length 35mm equivalent": "28 mm to 84 mm (Lens 1)",
    "height": "3.3 in",
    "image sensor": "Live MOS",
    "image stabilization": "Optical",
    "lcd screen size": "3 in",
    "lens mount": "Micro Four Thirds",
    "maximum video capture resolution": "1920 x 1080",
    "memory card support": "Secure Digital (SD) Card|Secure Digital Extended Capacity (SDXC)|Secure Digital High Capacity (SDHC) Card",
    "optical zoom": "3 X",
    "total pixels": "18300000",
    "url": "http://www.panasonic.com",
    "warranty information": "1 Year",
    "weight": "12.16 oz",
    "width": "4.7 in"
}