{
    "<page title>": "Canon EOS 5D Mark III Black SLR Digital Camera Kit W/ 24-105 Mm Lens (22.3 MP, 4.37x Opt, CompactFlash/SD/SDHC/SDXC Card Slot) Price Comparison at Buy.net",
    "camera body only": "Body with Lens Kit",
    "camera type": "Digital SLR Camera",
    "depth": "3 in",
    "effective megapixels": "22300000 pixels",
    "flash": "Built-in Flash|Accessory Shoe",
    "gps enabled": "Yes",
    "height": "4.6 in",
    "image sensor": "CMOS",
    "image stabilization": "Sensor Shift",
    "interface connection": "Video - Out (Unspecified)|USB|HDMI",
    "lcd screen size": "3.2 in",
    "lens mount": "Canon EF",
    "maximum video capture resolution": "1920 x 1080",
    "memory card support": "Secure Digital High Capacity (SDHC) Card|Secure Digital Extended Capacity (SDXC)|Secure Digital (SD) Card|CompactFlash (CF) Card",
    "optical zoom": "4.37 X",
    "total pixels": "23400000 pixels",
    "url": "http://www.usa.canon.com/cusa/consumer/products/cameras/slr_cameras/eos_5d_mark_iii",
    "warranty information": "1 year(s)",
    "weight": "30.3 oz",
    "width": "6 in"
}