{
    "<page title>": "Fuji Blowers FinePix S4800 16 Megapixel Compact Camera - Black (3\" LCD - 30x Optical Zoom - Optical IS - 4608 X 3456 Image - 1280 X 720 Video - HDMI - PictBridge - HD Movie Mode) Price Comparison at Buy.net",
    "battery builtin": "No",
    "battery include": "Yes",
    "battery rechargeable": "No",
    "brand name": "Fujifilm",
    "builtin flash": "Yes",
    "camera modes": "Shooting Modes:AutoPanoramaCustomZoom BracketingNatural Light and with FlashNatural LightPortraitBabySmileLandscapeSportNightNight (Tripod)FireworksSunsetSnowBeachPartyFlowerTextIndividual Shutter 3D",
    "camera type": "Compact Camera",
    "depth": "3.9 in",
    "digital zoom": "7.2x",
    "effective megapixels": "16 Megapixel",
    "exposure control": "Program AEShutter Priority AEAperture Priority AEManual",
    "flash": "Auto Flash|Flash OFF|Flash ON|Suppressed Flash|Slow Sync|Red-eye Reduction",
    "focal length": "4.30 mm to 129 mm",
    "focal length 35mm equivalent": [
        "24 mm to 720 mm",
        "24 mm to 720 mm"
    ],
    "gps": "No",
    "green compliance": "REACH|WEEE",
    "hd movie mode": "Yes",
    "height": "3.7 in",
    "image sensor": "CCD",
    "image stabilization": "Optical",
    "iso sensitivity": "ISO 6400",
    "lcd screen size": "3 in",
    "lens construction": "15 Elements in 11 Groups",
    "longest shutter speed": "8 Second",
    "maximum diopter adjustment": "No",
    "maximum frame rate": "30 fps",
    "maximum video capture resolution": "1280 x 720",
    "memory card support": "Secure Digital (SD) Card|Secure Digital High Capacity (SDHC) Card|Secure Digital Extended Capacity (SDXC)",
    "minimum diopter adjustment": "No",
    "normalizeddigital zoom": "7.2",
    "normalizedheight": "93.98",
    "normalizedoptical zoom": "30",
    "normalizedweight": "15.03",
    "number of batteries support": "4",
    "optical zoom": "30 X",
    "parent product type": "Digital Camera",
    "parent retsku": "B00H7HMNQ8",
    "pictbridge": "Yes",
    "product line": "FinePix",
    "product model": "S4800",
    "product series": "S",
    "shortest shutter speed": "1/2000 Second",
    "url": "http://www.fujifilm.com",
    "viewfinder type": "No",
    "warranty information": "1 Year",
    "weight": "15.03 oz",
    "white balance modes": "Automatic Scene RecognitionFineShadeFluorescent Light (Daylight)Fluorescent Light (Warm White)Fluorescent Light (Cool White)Incandescent LightCustom",
    "wide angle": "Yes",
    "width": "4.8 in"
}