{
    "<page title>": "VTech Kidizoom 80-077341 2 Megapixel Compact Camera (1.8\" LCD - 1600 X 1200 Image - 320 X 240 Video) Price Comparison at Buy.net",
    "brand name": "Vtech",
    "hd movie mode": "No",
    "maximum image resolution": "1600 x 1200",
    "number of batteries support": "4",
    "parent retsku": "B002PHLU8M",
    "product line": "Kidizoom",
    "product model": "80-077341",
    "product type": "Cameras",
    "software included": "Kidizoom Plus Photo Editor",
    "viewfinder type": "No"
}