{
    "<page title>": "Pentax Q7 Black Digital Camera Kit W/ 5-15mm & 15-45mm Lens (12.4 MP, SD/SDXC/SDHC Card Slot) Price Comparison at Buy.net",
    "camera body only": "Body with Lens Kit",
    "camera type": "Mirrorless Interchangeable Lens Camera",
    "depth": "1.34 in",
    "effective megapixels": "12400000 pixels",
    "flash": "Built-in Flash",
    "height": "2.28 in",
    "image sensor": "CMOS",
    "image stabilization": "Sensor Shift",
    "interface connection": "USB|HDMI",
    "lcd screen size": "3 in",
    "maximum video capture resolution": "1920 x 1080",
    "memory card support": "Secure Digital Extended Capacity (SDXC)|Secure Digital (SD) Card|Secure Digital High Capacity (SDHC) Card",
    "total pixels": "12760000 pixels",
    "url": "http://www.us.ricoh-imaging.com/dslr",
    "warranty information": "1 year(s)",
    "weight": "7.05 oz",
    "width": "4.02 in"
}