{
    "<page title>": "Fujifilm X-E1 Black Digital Camera Kit W/ 18-55 Mm Lens (16.3 MP, SD/SDHC/SDXC Card Slot) Price Comparison at Buy.net",
    "camera type": "Mirrorless Interchangeable Lens Camera",
    "depth": "1.5 in",
    "effective megapixels": "16300000 pixels",
    "environmental protection": "Water Resistant",
    "flash": "Accessory Shoe|Built-in Flash",
    "focal length": "18 mm to 55 mm",
    "focal length 35mm equivalent": "27.4 mm to 83.8 mm",
    "height": "2.9 in",
    "image sensor": "CMOS",
    "image stabilization": "Optical",
    "interface connection": "USB|HDMI|Audio - Line In (1/8\" Mini)",
    "lcd screen size": "2.8 in",
    "lens mount": "Fujifilm X",
    "max aperture": "2.8 1/f",
    "maximum video capture resolution": "1920 x 1080",
    "memory card support": "Secure Digital High Capacity (SDHC) Card|Secure Digital Extended Capacity (SDXC)|Secure Digital (SD) Card",
    "url": "http://www.fujifilmusa.com/products/digital_cameras/x/fujifilm_x_e1/",
    "warranty information": "1 year(s)",
    "weight": "10.6 oz",
    "width": "5.1 in"
}