{
    "<page title>": "Canon EOS 7D Black SLR Digital Camera Kit W/ 28-135mm Lens (18 MP, 4.8x Opt, CompactFlash Slot) Price Comparison at Buy.net",
    "camera body only": "Body with Lens Kit",
    "camera type": "Digital SLR Camera",
    "depth": "2.9 in",
    "effective megapixels": "18 Megapixel",
    "flash": "Auto Flash",
    "focal length": "28 mm to 135 mm (Lens 1)",
    "height": "4.4 in",
    "image sensor": "CMOS",
    "image stabilization": "Optical",
    "interface connection": "1 x USB 2.0 USB|1 x Audio/Video Out|1 x HDMI Digital Audio/Video Out|1 x DC Power In",
    "lcd screen size": "3 in",
    "lens mount": "Canon EF/EF-S",
    "maximum video capture resolution": "1920 x 1080",
    "memory card support": "CompactFlash (CF) Card",
    "optical zoom": "4.8 X",
    "total pixels": "19000000",
    "url": "http://www.usa.canon.com",
    "warranty information": "1 Year Limited",
    "weight": "1.81 lbs",
    "width": "5.8 in"
}