{
    "<page title>": "Samsung ST72 Red Digital Camera (16.2 MP, 5x Opt, Micro SD/micro SDHC/micro SDXC Card Slot) Price Comparison at Buy.net",
    "camera body only": "Body Only",
    "camera type": "Point & Shoot Digital Camera",
    "depth": "0.71 in",
    "digital zoom": "1 X",
    "effective megapixels": "16.2 pixels",
    "flash": "Built-in Flash",
    "focal length": "4.5 mm to 22.5 mm",
    "focal length 35mm equivalent": "25 mm to 125 mm",
    "height": "2.28 in",
    "image sensor": "CCD",
    "installed memory": "10 MB",
    "interface connection": "USB|A/V (RCA Composite)",
    "lcd screen size": "3 in",
    "max aperture": "2.5 1/f",
    "maximum video capture resolution": "1280 x 720",
    "memory card support": "microSD Card|microSDHC Card",
    "optical zoom": "5 X",
    "total pixels": "16.56 pixels",
    "url": "http://www.samsung.com/us/photography/digital-cameras/EC-ST72ZZBPRUS",
    "warranty information": "1 year(s)",
    "weight": "3.81 oz",
    "width": "3.72 in"
}