{
    "<page title>": "Panasonic Lumix DMC-TS5 Orange Digital Camera (16.1 MP, 4.6x Opt, SD/SDHC/SDXC Card Slot) Price Comparison at Buy.net",
    "camera type": "Point & Shoot Digital Camera",
    "depth": "1.14 in",
    "digital zoom": "4 X",
    "effective megapixels": "16100000 pixels",
    "environmental protection": "Water Proof|Shock Proof|Freeze Proof|Dust Proof",
    "flash": "Built-in Flash",
    "focal length": "4.9 mm to 22.8 mm",
    "focal length 35mm equivalent": "28 mm to 128 mm",
    "gps enabled": "Yes",
    "height": "2.65 in",
    "image sensor": "CMOS",
    "image stabilization": "Optical",
    "installed memory": "10 MB",
    "interface connection": "USB",
    "lcd screen size": "3 in",
    "max aperture": "3.3 1/f",
    "maximum video capture resolution": "1920 x 1080",
    "memory card support": "Secure Digital High Capacity (SDHC) Card|Secure Digital Extended Capacity (SDXC)|Secure Digital (SD) Card",
    "optical zoom": "4.6 X",
    "total pixels": "17500000 pixels",
    "url": "http://shop.panasonic.com/shop/model/DMC-TS5S",
    "warranty information": "1 year(s)",
    "weight": "0.41 lbs",
    "width": "4.3 in",
    "wifi": "Yes"
}