{
    "<page title>": "Nikon Coolpix S32 Blue Digital Camera (13.2 MP, 3x Opt, SD/SDHC/SDXC Card Slot, 25 MB) Price Comparison at Buy.net",
    "camera type": "Point & Shoot Digital Camera",
    "depth": "1.6 in",
    "digital zoom": "4 X",
    "effective megapixels": "13200000 pixels",
    "environmental protection": "Water Proof|Shock Proof",
    "flash": "Built-in Flash",
    "focal length": "4.1 mm to 12.3 mm",
    "focal length 35mm equivalent": "30 mm to 90 mm",
    "height": "2.7 in",
    "image sensor": "CMOS",
    "installed memory": "25 MB",
    "interface connection": "USB|Video - Out (Unspecified)|HDMI",
    "lcd screen size": "2.7 in",
    "maximum video capture resolution": "1920 x 1080",
    "memory card support": "Secure Digital (SD) Card|Secure Digital Extended Capacity (SDXC)|Secure Digital High Capacity (SDHC) Card",
    "optical zoom": "3 X",
    "total pixels": "14170000 pixels",
    "url": "http://www.nikonusa.com/en/Nikon-Products/Product/Compact-Digital-Cameras/COOLPIX-S32.html",
    "warranty information": "1 year(s)",
    "weight": "6.2 oz",
    "width": "4.3 in"
}