{
    "<page title>": "Panasonic Lumix ZS35 16 Megapixel Compact Camera - Black (3\" LCD - 20x Optical Zoom - Optical IS - 4608 X 3456 Image - 1920 X 1080 Video - HDMI - PictBridge - HD Movie Mode) Price Comparison at Buy.net",
    "camera type": "Compact Camera",
    "depth": "1.3 in",
    "digital zoom": "4x",
    "effective megapixels": "16 Megapixel",
    "flash": "Auto Flash|Flash ON|Flash OFF|Slow Sync|Red-eye Reduction",
    "focal length": "4.30 mm to 86 mm",
    "focal length 35mm equivalent": "24 mm to 480 mm",
    "height": "2.5 in",
    "image sensor": "MOS",
    "image stabilization": "Optical",
    "lcd screen size": "3 in",
    "maximum video capture resolution": "1920 x 1080",
    "memory card support": "Secure Digital (SD) Card|Secure Digital Extended Capacity (SDXC)|Secure Digital High Capacity (SDHC) Card",
    "optical zoom": "20 X",
    "total pixels": "17500000",
    "url": "http://www.panasonic.com",
    "weight": "7.90 oz",
    "width": "4.2 in"
}