{
    "<page title>": "Sony Cyber-shot DSC-HX400 Black Digital Camera (20.4 MP, 50x Opt, SD/SDHC/MS PRO Duo/MS PRO HG-Duo Card Slot) Price Comparison at Buy.net",
    "camera type": "Point & Shoot Digital Camera",
    "depth": "4.13 in",
    "digital zoom": "50 X",
    "effective megapixels": "20400000 pixels",
    "flash": "Accessory Shoe|Built-in Flash",
    "focal length": "4.3 mm to 215 mm",
    "focal length 35mm equivalent": "24 mm to 1200 mm",
    "height": "3.75 in",
    "image sensor": "CMOS",
    "image stabilization": "Optical",
    "interface connection": "USB|HDMI",
    "lcd screen size": "3 in",
    "max aperture": "2.8 1/f",
    "maximum video capture resolution": "1920 x 1080",
    "memory card support": "Secure Digital High Capacity (SDHC) Card|Secure Digital Extended Capacity (SDXC)|Secure Digital (SD) Card|Memory Stick PRO-HG Duo|Memory Stick PRO Duo",
    "optical zoom": "50 X",
    "total pixels": "21100000 pixels",
    "url": "http://store.sony.com/sony-high-zoom-point-and-shoot-camera-zid27-DSCHX400/B/cat-27-catid-All-Cyber-shot-Cameras;pgid=eY9ekzptg5ZSRpTpd4TRkiyR0000XOBTmGee",
    "warranty information": "90 day(s)",
    "weight": "1.39 lbs",
    "width": "5.13 in",
    "wifi": "Yes"
}