{
    "<page title>": "Sony Cyber-shot DSC-RX10 Black Digital Camera (20.2 MP, 8.3x Opt, SD Card Slot) Price Comparison at Buy.net",
    "camera type": "Point & Shoot Digital Camera",
    "depth": "5.12 in",
    "digital zoom": "249 X",
    "effective megapixels": "20.2 Megapixel",
    "environmental protection": "Weather Resistant",
    "flash": "Accessory Shoe|Built-in Flash",
    "focal length 35mm equivalent": "24 mm to 259 mm",
    "height": "3.5 in",
    "image sensor": "CMOS",
    "image stabilization": "Optical",
    "interface connection": "Audio - Line In (1/8\" Mini)|HDMI|USB",
    "lcd screen size": "3 in",
    "max aperture": "2.8 1/f",
    "maximum video capture resolution": "1920 x 1080",
    "memory card support": "Memory Stick Duo|Memory Stick Micro (M2)|Memory Stick PRO Duo|Memory Stick PRO-HG Duo|microSD Card|microSDHC Card|Secure Digital (SD) Card|Secure Digital Extended Capacity (SDXC)|Secure Digital High Capacity (SDHC) Card",
    "optical zoom": "8.3 X",
    "total pixels": "20.9 Megapixel",
    "url": "http://sony.com",
    "warranty information": "1 year(s)",
    "weight": "1.79 lbs",
    "width": "4.12 in",
    "wifi": "Yes"
}