{
    "<page title>": "Fujifilm FinePix S8500 Black Digital Camera (16.2 MP, 46x Opt, SD/SDHC/SDXC Card Slot) Price Comparison at Buy.net",
    "camera type": "Point & Shoot Digital Camera",
    "depth": "4.5 in",
    "digital zoom": "2 X",
    "effective megapixels": "16200000 pixels",
    "flash": "Built-in Flash|Accessory Shoe",
    "focal length": "4.3 mm to 198 mm",
    "focal length 35mm equivalent": "24 mm to 1104 mm",
    "height": "3.4 in",
    "image sensor": "CMOS",
    "image stabilization": "Sensor Shift",
    "interface connection": "USB|HDMI",
    "lcd screen size": "3 in",
    "max aperture": "2.9 1/f",
    "maximum video capture resolution": "1920 x 1080",
    "memory card support": "Secure Digital High Capacity (SDHC) Card|Secure Digital Extended Capacity (SDXC)|Secure Digital (SD) Card",
    "optical zoom": "46 X",
    "url": "http://www.fujifilm.com/products/digital_cameras/s/finepix_s8500/",
    "warranty information": "1 year(s)",
    "weight": "20.3 oz",
    "width": "4.8 in"
}