{
    "<page title>": "Panasonic Lumix DMC-GH4 Black Digital Camera (16.05 MP, SD/SDHC/SDXC Card Slot) Price Comparison at Buy.net",
    "camera body only": "Body Only",
    "camera type": "Mirrorless Interchangeable Lens Camera",
    "depth": "3.3 in",
    "digital zoom": "4 X",
    "effective megapixels": "16050000 pixels",
    "flash": "Built-in Flash|Accessory Shoe",
    "height": "3.68 in",
    "image sensor": "CMOS",
    "interface connection": "Video - Out (Unspecified)|USB|HDMI|A/V (RCA Composite)",
    "lcd screen size": "3 in",
    "lens mount": "Micro Four Thirds",
    "maximum video capture resolution": "1920 x 1080",
    "memory card support": "Secure Digital High Capacity (SDHC) Card|Secure Digital Extended Capacity (SDXC)|Secure Digital (SD) Card",
    "total pixels": "17200000 pixels",
    "url": "http://shop.panasonic.com/shop/model/DMC-GH4KBODY",
    "warranty information": "1 year(s)",
    "weight": "16.93 oz",
    "width": "5.23 in",
    "wifi": "Yes"
}