{
    "<page title>": "Sony Alpha DSLR-A330 Digital SLR Camera (10.2 Megapixel - 3.05x Optical Zoom - 2.7\" LCD - 3872 X 2592 Image) Price Comparison at Buy.net",
    "camera body only": "Body with Lens Kit",
    "camera type": "Digital SLR Camera",
    "depth": "2.8 in",
    "effective megapixels": "10.2 Megapixel",
    "flash": "Auto Flash|Flash ON|Red-eye Reduction",
    "focal length": "18 mm to 55 mm (Lens 1)",
    "height": "3.8 in",
    "image sensor": "CCD",
    "image stabilization": "Optical",
    "interface connection": "1 x HDMI Digital Audio/Video Out|1 x Video Out|1 x USB",
    "lcd screen size": "2.7 in",
    "lens mount": "Sony A",
    "max aperture": "3.5 1/f",
    "memory card support": "Memory Stick PRO Duo|Secure Digital (SD) Card|Secure Digital High Capacity (SDHC) Card",
    "optical zoom": "3.1 X",
    "total pixels": "10800000",
    "url": "http://www.sony.com",
    "warranty information": "1 Year Limited",
    "weight": "1.08 lbs",
    "width": "5.0 in"
}