{
    "<page title>": "Nikon Df Silver SLR Digital Camera (16.2 MP, SD/SDHC/SDXC Card Slot) Price Comparison at Buy.net",
    "camera body only": "Body Only",
    "camera type": "Digital SLR Camera",
    "depth": "2.6 in",
    "effective megapixels": "16200000 pixels",
    "flash": "Built-in Flash|Accessory Shoe",
    "gps enabled": "Yes",
    "green compliance": "WEEE|RoHS",
    "height": "4.3 in",
    "image sensor": "CMOS",
    "image stabilization": "Sensor Shift",
    "interface connection": "USB|HDMI",
    "lcd screen size": "3.2 in",
    "lens mount": "Nikon F",
    "memory card support": "Secure Digital High Capacity (SDHC) Card|Secure Digital Extended Capacity (SDXC)|Secure Digital (SD) Card",
    "total pixels": "16600000 pixels",
    "url": "http://www.nikonusa.com/en/Nikon-Products/Product/Digital-SLR-Cameras/1526/Nikon-Df.html",
    "warranty information": "1 year(s)",
    "weight": "25 oz",
    "width": "5.6 in",
    "wifi": "Yes"
}