{
    "<page title>": "Olympus Tough TG-2 IHS Red Digital Camera (12 MP, 4x Opt, SD/SDHC/SDXC Card Slot) Price Comparison at Buy.net",
    "camera type": "Compact Camera",
    "depth": "1.1 in",
    "digital zoom": "4x",
    "effective megapixels": "12 Megapixel",
    "environmental protection": "Shock Proof|Water Proof|Freeze Proof|Crush Proof",
    "flash": "Auto Flash|Flash OFF|Flash ON|Red-eye Reduction",
    "focal length": "4.50 mm to 18 mm",
    "focal length 35mm equivalent": "25 mm to 100 mm",
    "height": "2.6 in",
    "image sensor": "CMOS",
    "image stabilization": "Optical|Electronic",
    "lcd screen size": "3 in",
    "maximum video capture resolution": "1920 x 1080",
    "memory card support": "Eye-Fi Card|Secure Digital (SD) Card|Secure Digital High Capacity (SDHC) Card|Secure Digital Extended Capacity (SDXC)",
    "optical zoom": "4 X",
    "total pixels": "12800000",
    "url": "http://www.olympusamerica.com",
    "warranty information": "1 Year",
    "weight": "8.11 oz",
    "width": "4.4 in"
}