{
    "<page title>": "H.264 Megapixel Network Dome Ip Camera - Buy Dome Ip Camera,Indoor Mini Dome Ip Camera,Megapixel Ip Camera Product on Alibaba.com",
    "alarm in": "1 way",
    "assistant": "Lighting Control Auto/manual control",
    "audio compression": "G.711/G.726",
    "audio in": "Internal mic x 1, audio input interface x 1",
    "audio out": "built-in speaker x 1audio output interface x 1",
    "browser": "Internet Explorer6.0 and Above or Compatible Browser, Safari/Firefox etc.",
    "browser sd card": "View or download from network",
    "compression": "H.264/JPEG",
    "date time setting": "support",
    "ddns": "A free DDNS provided by manufacturer",
    "dual way audio": "support",
    "first stream bit rate": "90kbps ~ 2.048Mbps",
    "frame rate": "30fps",
    "hardware interface": "Ethernet 10Base-T/100base-TX",
    "humidity": "10% ~ 80% non-condensing",
    "image capture": "Sensor Mega pixels CMOS sensor",
    "image rotation": "Flip / Mirror",
    "lens": "f=4mm, F=2.0, Fixed Iris",
    "lighting": "10pcs 850nm Infrared lights, 5m distant",
    "memory": [
        "SD Slot",
        "Snap or video into SD card"
    ],
    "minimum illumination": "IR lights on,0 Lux",
    "model": "KS-536MW",
    "motion detection": "yes( 4 zone detection )",
    "network": "Basic Protocol TCP/IP,HTTP,SMTP,FTP,DHCP,DDNS,UPNP,NTP",
    "operating temperature": "-20\u00b0C~ 50\u00b0C",
    "osd": "support",
    "other features": "Mobile Phone View support",
    "other protocol": "802.11b/g/n",
    "pantilt": "Pan Coverage 350\u00b0",
    "physical index": "Weight 374g",
    "power": "DC 5V",
    "power consumption": "<6W",
    "second stream bit rate": "90kbps ~ 512kbps",
    "second stream resolution": "QVGA/QQVGA",
    "software pc side": "OS Supported Microsoft Windows 98/2000/XP/Vista etc.",
    "tilt coverage": "100\u00b0",
    "triggered actions": "Email/FTP/SD storage/external alarm/send message to alarm server",
    "upgrade": "Upgrade from network",
    "user setting": "Three levels",
    "video and audio": "First Stream Resolution VGA/QVGA/QQVGA",
    "video control": "support"
}