{
    "<page title>": "Sd6a220-hn Ip66 2mp High Speed Dome Dahua Full Hd Ptz Camera - Buy Full Hd Ptz Camera,Camera Ptz,Dahua Ptz In Cctv Camera Product on Alibaba.com",
    "alarm": "7/2 channel In/Out",
    "angle of view": "H: 55.4\u00b0 ~ 2.80\u00b0 H: 65.1\u00b0~ 2.34\u00b0 H: 55.4\u00b0 ~ 2.90\u00b0",
    "backlight compensation": "BLC / HLC / DWDR (Digital WDR) BLC / HLC / WDR",
    "bit rate": "H.264: 56K ~ 8192Kbps, MJPEG: 56K ~ 20480Kbps",
    "close focus distance": "10mm~ 1000mm 10mm~ 1200mm 10mm~ 800mm",
    "compression": [
        "G.711a / G.711u(32kbps)/ PCM(128kbps)",
        "H.264 / MJPEG"
    ],
    "daynight": "Auto(ICR) / Color / B/W",
    "defog": "N/A On / Off N/A",
    "digital zoom": "16x 12x",
    "dimensions": "\u03a6252(mm) x 384.3 (mm)",
    "effective pixels": "1944(H) x 1092(V), 2 Megapixels",
    "electronic shutter speed": "1/1 ~ 1/30,000s 1/1 ~ 1/10,000s",
    "ethernet": "RJ-45 (10/100Base-T)",
    "fob price": "Get Latest Price",
    "focal length": "4.7mm~94.0mm(20x 4.3mm~129mm(30x Optical zoom) 4.7mm~94.0mm(20x",
    "focus control": "Auto / Manual",
    "frame rate": "Main Stream 1080P (1 ~ 25/30fps) / 720P(1~50/60fps)",
    "gain control": "Auto / Manual",
    "idle motion": "Activate Preset/ Pan/ Scan/ Tour/ Pattern if there is no command in the specified period",
    "image sensor": "1/3\" Exmor CMOS",
    "ingress protection": "IP66",
    "interface": "1/1 channel In/Out",
    "ir distance": "150m (2 near IR LED+ 8 far IR LED)",
    "manual control speed": "Pan: 0.1\u00b0 ~200\u00b0 /s; Tilt: 0.1\u00b0 ~120\u00b0 /s",
    "max aperture": "F1.6 ~ F3.5 F1.6 ~ F4.7 F1.6 ~ F3.5",
    "max user access": "20 users",
    "memory slot": "Micro SD, Max 64GB",
    "min illumination": "Color: 0.05Lux F1.6; B/W: 0.005Lux F1.6 Color: 0.5Lux F1.6; B/W: 0.095Lux F1.6",
    "minorder quantity": "1 Set/Sets",
    "model": "SD6A220-HN SD6A230-HN SD6AS220-HN",
    "noise reduction": "Ultra DNR (2D/3D)",
    "onvif": "ONVIF Profile S",
    "optical zoom": "Optical zoom)",
    "pantilt range": "Pan: 0\u00b0 ~ 360\u00b0 endless; Tilt: -10\u00b0 ~ 90\u00b0, auto flip 180\u00b0",
    "payment terms": "T/T,Western Union,Paypal, Alibaba Escrow",
    "port": "Shenzhen",
    "power consumption": "20W, 43W (IR on, Heater on)",
    "power supply": "AC 24V/3A (\u00b116%)",
    "power up action": "Auto restore to previous PTZ and lens status after power failure",
    "preset": "80(DH-SD), 255(Pelco-P/D)",
    "preset speed": "Pan: 240\u00b0 /s; Tilt: 200\u00b0 /s",
    "privacy masking": "Up to 24 areas",
    "protocol": [
        "IPv4/ IPv6, HTTP, HTTPS, SSL, TCP/IP, UDP, UPnP, ICMP, IGMP, SNMP, RTSP, RTP, SMTP, NTP, DHCP, DNS, PPPOE, DDNS, FTP, IP Filter, QoS, Bonjour, 802.1x",
        "DH-SD, Pelco-P/D (Auto recognition)"
    ],
    "ptz mode": "5 Pattern, 8 Tour, Auto Pan, Auto Scan",
    "resolution": "1080P(1920\u00d71080) / 720P(1280\u00d7720) / D1(704\u00d7576/704\u00d7480) / CIF",
    "rs485": "1",
    "scanning system": "Progressive",
    "smart phone": "iPhone, iPad, Android, Windows Phone",
    "sn ratio": "More than 50dB",
    "speed setup": "Human-oriented focal length/ speed adaptation",
    "sub stream": "D1/CIF(1 ~ 25/30fps)",
    "supply ability": "3000 Set/Sets per Month",
    "time task": "Auto activation of Preset/ Pan/ Scan/ Tour/ Pattern by preset-time",
    "vandal resistance": "4000V anti-lightning surge",
    "video output": "BNC(1.0Vp-p/75\u03a9), PAL / NTSC",
    "weight": "6.75kg",
    "white balance": "Auto, ATW, Indoor, Outdoor, Manual",
    "working environment": "-40\u00baC ~ 70\u00baC / Less than 90% RH"
}