{
    "<page title>": "Hikvision Ds-2cd2632f-is 3mp Bullet Night Vision Camera With Vf Lens - Buy Hikvision Night Vision Camera,Hikvision Vf Lens Camera,Hikvision Ir Varifocal Bullet Camera Product on Alibaba.com",
    "alarm trigger": "Motion detection, Tampering alarm, Network disconnect, IP address confict, Storage full , Storage error",
    "audio bit rate": "64 Kbps (G.711) / 16 Kbps (G.726) / 32-128 Kbps (MP2L2)",
    "audio compression": "G.711 / G.726 / MP2L2",
    "backlight compensation": "Yes, zone configurable",
    "bit rate": "32 Kbps ~ 16 Mbps",
    "blc": "Yes, zone configurable",
    "camera": "Image Sensor: 1/3\" Progressive Scan CMOSMin. Illumination: 0.07 lux @F1.2, AGC ON, 0 lux with IRShutter time: 1/25s (1/30s) to 1/100,000 sLens: 2.8 - 12 mm @ F1.4,Angle of view: 105.2\u00b0-31.9\u00b0Lens Mount: \u03a614Day& Night: ICRDigital noise reduction: 3D DNRWide dynamic range:Digital WDRBacklight compensation:Yes, zone configurable",
    "communication interface": "1 RJ45 10M / 100M ethernet interface",
    "compression standard": "Video Compression: H.264/MJPEGBit Rate: 32 Kbps ~ 16 MbpsH.264 codec profile: Main profileAudio compression:G.711 / G.726 / MP2L2Audio bit rate:64 Kbps (G.711) / 16 Kbps (G.726) / 32-128 Kbps (MP2L2)",
    "day night": "ICR",
    "digital noise reduction": "3D DNR",
    "dimensions": "95\u00d7105\u00d7258.6 mm (3.74\" \u00d7 4.13\" \u00d7 10.18\")",
    "fob price": "Get Latest Price",
    "frame rate": "50Hz: 20fps (2048 x 1536), 25fps (1920 \u00d7 1080),\n25fps (1280 x 720)\n60Hz: 20fps (2048 x 1536), 30fps (1920 \u00d7 1080),\n30fps (1280 x 720)",
    "general": "Operating Conditions: -30 \u00b0C ~ 60 \u00b0C (-22\u00b0F ~ 140 \u00b0F) humidity 95% or less (non-condensing)Power Supply: 12 VDC \u00b1 10%, PoE (802.3af)Power Consumption: Max. 5.5W (7.5W with ICR on)Weather Proof: IP66IR Range: Up to 30mDimensions: 95\u00d7105\u00d7258.6 mm (3.74\" \u00d7 4.13\" \u00d7 10.18\")Weight: 1200g",
    "h264 codec profile": "Main profile",
    "image": "Max. Image Resolution: 2048 \u00d7 1536Frame Rate: 50Hz: 20fps (2048 x 1536), 25fps (1920 \u00d7 1080),\n25fps (1280 x 720)\n60Hz: 20fps (2048 x 1536), 30fps (1920 \u00d7 1080),\n30fps (1280 x 720)Image Settings: Rotate mode,Saturation, brightness, contrast, sharpeness adjustable through client software or web browserBLC:Yes, zone configurableROI: Yes, up to 4 configurable areas",
    "image sensor": "1/3\" Progressive Scan CMOS",
    "image settings": "Rotate mode,Saturation, brightness, contrast, sharpeness adjustable through client software or web browser",
    "interface": "Communication Interface: 1 RJ45 10M / 100M ethernet interfaceOnboard storage:Built-in Micro SD / SDHC / SDXC card slot, up to 64 GB",
    "ir range": "Up to 30m",
    "lens": "2.8 - 12 mm @ F1.4,Angle of view: 105.2\u00b0-31.9\u00b0",
    "lens mount": "\u03a614",
    "max image resolution": "2048 \u00d7 1536",
    "min illumination": "0.07 lux @F1.2, AGC ON, 0 lux with IR",
    "minorder quantity": "1 Set/Sets",
    "network": "Network Storage: NASAlarm Trigger: Motion detection, Tampering alarm, Network disconnect, IP address confict, Storage full , Storage errorProtocols: TCP/IP,ICMP,HTTP,HTTPS,FTP,DHCP,DNS,DDNS,RTP,RTSP,RTCP,\nPPPoE,NTP,UPnP,SMTP,SNMP,IGMP,802.1X,QoS,IPv6,BonjourSecurity: User authentication, watermark, dual streamSystem Compatibility: ONVIF, PSIA, CGI, ISAPI",
    "network storage": "NAS",
    "onboard storage": "Built-in Micro SD / SDHC / SDXC card slot, up to 64 GB",
    "operating conditions": "-30 \u00b0C ~ 60 \u00b0C (-22\u00b0F ~ 140 \u00b0F) humidity 95% or less (non-condensing)",
    "payment terms": "T/T,Western Union,Paypal, Alibaba Escrow",
    "port": "Shenzhen",
    "power consumption": "Max. 5.5W (7.5W with ICR on)",
    "power supply": "12 VDC \u00b1 10%, PoE (802.3af)",
    "protocols": "TCP/IP,ICMP,HTTP,HTTPS,FTP,DHCP,DNS,DDNS,RTP,RTSP,RTCP,\nPPPoE,NTP,UPnP,SMTP,SNMP,IGMP,802.1X,QoS,IPv6,Bonjour",
    "roi": "Yes, up to 4 configurable areas",
    "security": "User authentication, watermark, dual stream",
    "shutter time": "1/25s (1/30s) to 1/100,000 s",
    "supply ability": "6500 Set/Sets per Month",
    "system compatibility": "ONVIF, PSIA, CGI, ISAPI",
    "video compression": "H.264/MJPEG",
    "weather proof": "IP66",
    "weight": "1200g",
    "wide dynamic range": "Digital WDR"
}