{
    "<page title>": "Hikvision Wireless 3mp Ir Cube Ip Camera With English Version - Buy Cube Ip Camera,Cube Ip Camera,Ip Camera With Cms Client Software Product on Alibaba.com",
    "alarm trigger": "Motion detection, Dynamic Analysis, Tampering alarm, Network disconnect, IP address conflict, Storage exception",
    "audio": "Internal Microphone and Speaker",
    "audio compression": "G.711/G.726/MP2L2",
    "bit rate": "32 Kbps ~ 16 Mbps",
    "blc": "Yes, zone configurable",
    "camera": "Image Sensor: 1/3\" Progressive Scan CMOSMin. Illumination: 0.07Lux @(F1.2,AGC ON) ,0 Lux with IRShutter time: 1/25(1/30) s to 1/100,000 sLens: 4mm@ F2.0, Angle of view: 79\u00b0\n(2.8mm, 6mm optional)Lens Mount: M12Day& Night: IR cut filter with auto switchWide Dynamic Range: Digital WDRDigital noise reduction: 3D DNR",
    "channel bandwidth": "20/40MHz Support",
    "communication interface": "1 RJ45 10M / 100M ethernet interface",
    "compression standard": "Video Compression: H.264/M-JPEGBit Rate: 32 Kbps ~ 16 MbpsAudio Compression: G.711/G.726/MP2L2Dual Stream: Yes",
    "day night": "IR cut filter with auto switch",
    "digital noise reduction": "3D DNR",
    "dimensions": "66\u00d791.5\u00d7131.3(2.60\u201d\u00d73.60\u201d \u00d75.17\u201d)",
    "dual stream": "Yes",
    "fob price": "Get Latest Price",
    "frame rate": "50Hz: 20fps (2048 \u00d7 1536), 25fps (1920 \u00d7 1080), 25fps (1280 \u00d7 720)\n60Hz: 20fps (2048 \u00d7 1536), 30fps (1920 \u00d7 1080), 30fps (1280 \u00d7 720)",
    "frequency range": "2.4 GHz ~ 2.4835 GHz",
    "general": "Operating Conditions: -30 \u00b0C ~ 60 \u00b0C (-22 \u00b0F ~ 140 \u00b0F)\nHumidity 95% or less (non-condensing)Power Supply: 12 VDC \u00b1 10%, PoE (802.3af)Power Consumption: 5W MAXIR Range: 10 metersPIR: Angle of detection: 80\u00b0\nDetection range: 10 metersDimensions: 66\u00d791.5\u00d7131.3(2.60\u201d\u00d73.60\u201d \u00d75.17\u201d)Weight: 400g(0.88lbs)",
    "image": "Max. Image Resolution: 2048\u00d71536Frame Rate: 50Hz: 20fps (2048 \u00d7 1536), 25fps (1920 \u00d7 1080), 25fps (1280 \u00d7 720)\n60Hz: 20fps (2048 \u00d7 1536), 30fps (1920 \u00d7 1080), 30fps (1280 \u00d7 720)Image Settings: Rotate mode, Saturation, Brightness, Contrast adjustable by client software or web browserBLC: Yes, zone configurableROI: Yes, up to 4 configurable areas",
    "image sensor": "1/3\" Progressive Scan CMOS",
    "image settings": "Rotate mode, Saturation, Brightness, Contrast adjustable by client software or web browser",
    "interface": "Audio: Internal Microphone and SpeakerCommunication Interface: 1 RJ45 10M / 100M ethernet interfaceOn-board storage: Built-in Micro SD/SDHC/SDXC card slot, up to 64 GBReset Button: Yes",
    "ir range": "10 meters",
    "lens": "4mm@ F2.0, Angle of view: 79\u00b0\n(2.8mm, 6mm optional)",
    "lens mount": "M12",
    "max image resolution": "2048\u00d71536",
    "min illumination": "0.07Lux @(F1.2,AGC ON) ,0 Lux with IR",
    "minorder quantity": "1 Set/Sets",
    "modulation mode": "802.11b: CCK, QPSK, BPSK\n802.11g/n: OFDM",
    "network": "Network Storage: NASAlarm Trigger: Motion detection, Dynamic Analysis, Tampering alarm, Network disconnect, IP address conflict, Storage exceptionProtocols: TCP/IP,ICMP,HTTP,HTTPS,FTP,DHCP,DNS,DDNS,RTP,RTSP,RTCP,\nPPPoE,NTP,UPnP,SMTP,SNMP,IGMP,802.1X,QoS,IPv6,BonjourSecurity: User Authentication, Watermark, IP address filtering, anonymous accessSystem Compatibility: ONVIF, PSIA, CGI, ISAPI",
    "network storage": "NAS",
    "onboard storage": "Built-in Micro SD/SDHC/SDXC card slot, up to 64 GB",
    "operating conditions": "-30 \u00b0C ~ 60 \u00b0C (-22 \u00b0F ~ 140 \u00b0F)\nHumidity 95% or less (non-condensing)",
    "payment terms": "L/C,T/T,Western Union,Paypal, Alibaba Escrow",
    "pir": "Angle of detection: 80\u00b0\nDetection range: 10 meters",
    "port": "Shenzhen",
    "power consumption": "5W MAX",
    "power supply": "12 VDC \u00b1 10%, PoE (802.3af)",
    "protocols": "TCP/IP,ICMP,HTTP,HTTPS,FTP,DHCP,DNS,DDNS,RTP,RTSP,RTCP,\nPPPoE,NTP,UPnP,SMTP,SNMP,IGMP,802.1X,QoS,IPv6,Bonjour",
    "receive sensitivity": "11b: -90dBm @ 11Mbps (Typical)\n11g: -75dBm @ 54Mpbs (Typical)\n11n: -74dBm (Typical)",
    "reset button": "Yes",
    "roi": "Yes, up to 4 configurable areas",
    "security": [
        "64/128-bit WEP, WPA/WPA2, WPA-PSK/WPA2-PSK, WPS",
        "User Authentication, Watermark, IP address filtering, anonymous access"
    ],
    "shutter time": "1/25(1/30) s to 1/100,000 s",
    "supply ability": "6500 Set/Sets per Month",
    "system compatibility": "ONVIF, PSIA, CGI, ISAPI",
    "transmission rate": "11b: 11Mbps\n11g: 54Mbps\n11n: up to 150Mbps",
    "transmit power": "11b: 17\u00b11.5dBm @ 11Mbps\n11g: 14\u00b11.5dBm @ 54Mbps\n11n: 12.5\u00b11.5dBm",
    "video compression": "H.264/M-JPEG",
    "weight": "400g(0.88lbs)",
    "wide dynamic range": "Digital WDR",
    "wifi specification w": "Wireless Standards: IEEE802.11b, 802.11g, 802.11n DraftFrequency Range: 2.4 GHz ~ 2.4835 GHzChannel Bandwidth: 20/40MHz SupportModulation Mode: 802.11b: CCK, QPSK, BPSK\n802.11g/n: OFDMSecurity: 64/128-bit WEP, WPA/WPA2, WPA-PSK/WPA2-PSK, WPSTransmit Power: 11b: 17\u00b11.5dBm @ 11Mbps\n11g: 14\u00b11.5dBm @ 54Mbps\n11n: 12.5\u00b11.5dBmReceive Sensitivity: 11b: -90dBm @ 11Mbps (Typical)\n11g: -75dBm @ 54Mpbs (Typical)\n11n: -74dBm (Typical)Transmission Rate: 11b: 11Mbps\n11g: 54Mbps\n11n: up to 150MbpsWireless Range: Outdoor: 200m,Indoor: 50m(depend on environment)",
    "wireless range": "Outdoor: 200m,Indoor: 50m(depend on environment)",
    "wireless standards": "IEEE802.11b, 802.11g, 802.11n Draft"
}