{
    "<page title>": "Ds-2cd2132-i Hikvision Hd Security Camera 3mp Mini Dome Camera - Buy Hikvision Hd Security Camera,Hikvision Weatherproof Ir,Cctv Camera Hikvision Product on Alibaba.com",
    "alarm trigger": "Motion detection, Tampering alarm",
    "angle adjustment": "Pan: 0\u00b0 ~ 355\u00b0, tilt: 0\u00b0 ~ 65\u00b0",
    "bit rate": "32 Kbps ~ 16 Mbps",
    "blc": "Yes, zone configurable",
    "camera": "Image Sensor: 1/3\" Progressive Scan CMOSMin. Illumination: 0.07 lux @F1.2, AGC ON, 0 lux with IRShutter time: 1/25s to 1/100,000 sLens: 4mm@ F2.0 (2.8mm, 6mm, 12mm optional)2048 \u00d7 1536: Angle of view: 86\u00b0(2.8mm),\n70\u00b0(4mm), 43.3\u00b0(6mm), 20.6\u00b0(12mm)\n1920 \u00d7 1080: Angle of view: 98.5\u00b0(2.8mm),\n79\u00b0(4mm), 49\u00b0(6mm), 23.2\u00b0(12mm)Lens Mount: M12Angle adjustment:Pan: 0\u00b0 ~ 355\u00b0, tilt: 0\u00b0 ~ 65\u00b0Day& Night: IR cut filter with auto switchDigital noise reduction: 3D DNRWide dynamic rangeDigital WDR",
    "communication interface": "1 RJ45 10M / 100M ethernet interface",
    "compression standard": "Video Compression: H.264/MJPEGBit Rate: 32 Kbps ~ 16 MbpsH.264 codec profile: Main profileDual stream:Yes",
    "day night": "IR cut filter with auto switch",
    "digital noise reduction": "3D DNR",
    "dimensions": "\u03a6111 \u00d7 82 (4.4\u201d \u00d7 3.2\u201d)",
    "dual stream": "Yes",
    "fob price": "Get Latest Price",
    "frame rate": "50Hz: 20fps (2048 x 1536), 25fps (1920 \u00d7 1080),\n25fps (1280 x 720)\n60Hz: 20fps (2048 x 1536), 30fps (1920 \u00d7 1080),\n30fps (1280 x 720)",
    "general": "Operating Conditions: -30 \u00b0C ~ 60 \u00b0C (-22\u00b0F ~ 140 \u00b0F) humidity 95% or less (non-condensing)Power Supply: 12 VDC \u00b1 10%, PoE (802.3af)Power Consumption: Max. 5W (max. 7W with ICR on)Impact protection:IEC60068-275Eh, 50J; EN50102, up to IK10Weather Proof: IP66IR Range: Approx. 10 to 30 metersDimensions: \u03a6111 \u00d7 82 (4.4\u201d \u00d7 3.2\u201d)Weight: 500g (1.1 lb)",
    "h264 codec profile": "Main profile",
    "image": "Max. Image Resolution: 2048 \u00d7 1536Frame Rate: 50Hz: 20fps (2048 x 1536), 25fps (1920 \u00d7 1080),\n25fps (1280 x 720)\n60Hz: 20fps (2048 x 1536), 30fps (1920 \u00d7 1080),\n30fps (1280 x 720)Image Settings: Rotate mode,Saturation, brightness, contrast, sharpeness adjustable through client software or web browserBLC:Yes, zone configurableROI: Yes, up to 4 configurable areas",
    "image sensor": "1/3\" Progressive Scan CMOS",
    "image settings": "Rotate mode,Saturation, brightness, contrast, sharpeness adjustable through client software or web browser",
    "impact protection": "IEC60068-275Eh, 50J; EN50102, up to IK10",
    "interface": "Communication Interface: 1 RJ45 10M / 100M ethernet interface",
    "ir range": "Approx. 10 to 30 meters",
    "lens": "4mm@ F2.0 (2.8mm, 6mm, 12mm optional)2048 \u00d7 1536: Angle of view: 86\u00b0(2.8mm),\n70\u00b0(4mm), 43.3\u00b0(6mm), 20.6\u00b0(12mm)\n1920 \u00d7 1080: Angle of view: 98.5\u00b0(2.8mm),\n79\u00b0(4mm), 49\u00b0(6mm), 23.2\u00b0(12mm)",
    "lens mount": "M12",
    "max image resolution": "2048 \u00d7 1536",
    "min illumination": "0.07 lux @F1.2, AGC ON, 0 lux with IR",
    "minorder quantity": "1 Set/Sets",
    "network": "Network Storage: NASAlarm Trigger: Motion detection, Tampering alarmProtocols: TCP/IP,ICMP,HTTP,HTTPS,FTP,DHCP,DNS,DDNS,RTP,RTSP,RTCP,\nPPPoE,NTP,UPnP,SMTP,SNMP,IGMP,802.1X,QoS,IPv6,BonjourSecurity: User authentication, watermarkSystem Compatibility: ONVIF, PSIA, CGI, ISAPI",
    "network storage": "NAS",
    "operating conditions": "-30 \u00b0C ~ 60 \u00b0C (-22\u00b0F ~ 140 \u00b0F) humidity 95% or less (non-condensing)",
    "payment terms": "T/T,Western Union,Paypal, Alibaba Escrow",
    "port": "Shenzhen",
    "power consumption": "Max. 5W (max. 7W with ICR on)",
    "power supply": "12 VDC \u00b1 10%, PoE (802.3af)",
    "protocols": "TCP/IP,ICMP,HTTP,HTTPS,FTP,DHCP,DNS,DDNS,RTP,RTSP,RTCP,\nPPPoE,NTP,UPnP,SMTP,SNMP,IGMP,802.1X,QoS,IPv6,Bonjour",
    "roi": "Yes, up to 4 configurable areas",
    "security": "User authentication, watermark",
    "shutter time": "1/25s to 1/100,000 s",
    "supply ability": "6500 Set/Sets per Month",
    "system compatibility": "ONVIF, PSIA, CGI, ISAPI",
    "video compression": "H.264/MJPEG",
    "weather proof": "IP66",
    "weight": "500g (1.1 lb)",
    "wide dynamic range": "Digital WDR"
}