{
    "<page title>": "Full Hd 1080p Outdoor Sport Camcorder / Bicycle Camera With Waterproof Case,5.0 Mega Pixels,Support Tf Card Up To 32gb - Buy Sport Camcorder,Video Camera Waterproof Hd,Full Hd Action Camera Product on Alibaba.com",
    "audio": "On/off",
    "battery": [
        "Rechargeable Li-ion Battery (1200mAh)",
        "Mode Single Image"
    ],
    "battery capacity": "LCD on: 2hrs / LCD off: 2.5hrs (1080P video)",
    "contrast": "Standard, Hard, Soft",
    "digital zoom": "Still Image mode: 1.0X ~ 4.0X",
    "effect": "Off, art, sepia, negative, monochrome, vivid",
    "effective pixels": "Approx. 5.03 Mega Pixels (2592 (H) \u00d7 1944 (V))",
    "exposure": "\u00b12EV (1/3EV / steps)",
    "file format": "Still Image JPEG",
    "fob price": "US $95 - 120 / Set Get Latest\nPrice",
    "focal length": "f=3.35mm",
    "gsensor": "Yes",
    "image sensor": "Type 5.0MP 1/2.3\" CMOS Sensor",
    "interface": "USB 2.0 / TV / HDTV / SD card / 3.5mm external microphone",
    "language": "English/German/Spanish/French/Portugugese/Italian/Russian/Korean/Japanese/Traditional Chinese/Simplified Chinese",
    "lcd display": "2\"TFT LCD",
    "lens": "Lens Type Fixed Focus(140-degree wide angle)",
    "light frequency": "50/60",
    "metering": "Center, Average, Spot,",
    "microphone": "Yes",
    "minorder quantity": "1 Set/Sets",
    "motion detection": "Yes",
    "optional accessories": "Macro lens, helmet mount, bike mount, surfboard mount, car mount, chest mount, head mount",
    "others": "80 meters waterproof",
    "payment terms": "L/C,T/T,Western Union,MoneyGram,PAYPAL",
    "photo": "Image Size 12MP/8MP/5MP/3MP",
    "playback": "Delete / Slide show",
    "port": "HONGKONG/SHENZHEN",
    "selftimer": "Off /5, 10, 30, 60sec.",
    "sharpness": "Standard, hard, soft",
    "shutter speed": "Normal: 1/12 sec. \u2013 1/1000 sec",
    "speaker": "Yes",
    "supply ability": "5000 Set/Sets per Month",
    "time lapse": "Off /1, 2, 5, 10, 30, 60, 120, 180sec.",
    "video": "Resolution 1920*1080(1080P/30fps), 1280x720(720P/60fps; 30fps), 848x480(WVGAP/60fps; 30fps), 640x480(VGA ; 60fps)",
    "video codec": "H.264",
    "weight": "Camera: 103g(with battery) / housing: 140g",
    "white balance": "Manual, Auto, Sunny, Cloudy, Fluorescent, Tungsten"
}