{
    "<page title>": "Dwdr Bullet Ds-2cd2632f-is Hot Hikvision 1080p Ip Camera - Buy Hikvision 1080p Ip Camera,Hikvision 3mp Waterproof,Hikvision Ip66 Product on Alibaba.com",
    "alarm trigger": "Motion detection, Dynamic Analysis, Tampering alarm, Network disconnect, IP address conflict, Storage exception",
    "audio compression": "G.711/G.726/MP2L2",
    "bit rate": "32 Kbps ~ 16 Mbps",
    "blc": "Yes, zone configurable",
    "camera": "Image Sensor: 1/3\" Progressive Scan CMOSMin. Illumination: 0.07Lux @(F1.2,AGC ON) ,0 Lux with IR\n0.1Lux @(F1.4,AGC ON), 0 Lux with IRShutter time: 1/25s ~ 1/100,000sLens: 2.8 - 12 mm @ F1.4,Angle of view: 105.2\u00b0-31.9\u00b0Lens Mount: \u03c614Day& Night: IR cut filter with auto switchWide Dynamic Range: Digital WDRDigital noise reduction: 3D DNR",
    "communication interface": "1 RJ45 10M / 100M ethernet interface",
    "compression standard": "Video Compression: H.264/M-JPEGBit Rate: 32 Kbps ~ 16 MbpsAudio Compression: G.711/G.726/MP2L2Dual Stream: Yes",
    "day night": "IR cut filter with auto switch",
    "digital noise reduction": "3D DNR",
    "dimensions": "95\u00d7105\u00d7258.6 mm (3.74\u201d \u00d7 4.13\u201d \u00d7 10.18\u201d)",
    "dual stream": "Yes",
    "frame rate": "50Hz: 20fps (2048 \u00d7 1536), 25fps (1920 \u00d7 1080), 25fps (1280 \u00d7 720)\n60Hz: 20fps (2048 \u00d7 1536), 30fps (1920 \u00d7 1080), 30fps (1280 \u00d7 720)",
    "general": "Operating Conditions: -30 \u00b0C ~ 60 \u00b0C (-22 \u00b0F ~ 140 \u00b0F)\nHumidity 95% or less (non-condensing)Power Supply: 12 VDC \u00b1 10%, PoE (802.3af)Power Consumption: Max. 5.5 W (Max. 7.5 W with IR cut filter on)Weather Proof: IP66IR Range: Up to 30mDimensions: 95\u00d7105\u00d7258.6 mm (3.74\u201d \u00d7 4.13\u201d \u00d7 10.18\u201d)Weight: 1200g",
    "image": "Max. Image Resolution: 2048\u00d71536Frame Rate: 50Hz: 20fps (2048 \u00d7 1536), 25fps (1920 \u00d7 1080), 25fps (1280 \u00d7 720)\n60Hz: 20fps (2048 \u00d7 1536), 30fps (1920 \u00d7 1080), 30fps (1280 \u00d7 720)Image Settings: Rotate mode, Saturation, Brightness, Contrast adjustable by client software or web browserBLC: Yes, zone configurableROI: Yes, up to 4 configurable areas",
    "image sensor": "1/3\" Progressive Scan CMOS",
    "image settings": "Rotate mode, Saturation, Brightness, Contrast adjustable by client software or web browser",
    "interface": "Communication Interface: 1 RJ45 10M / 100M ethernet interfaceOn-board storage: Built-in Micro SD/SDHC/SDXC card slot, up to 64 GBReset Button: Yes",
    "ir range": "Up to 30m",
    "lens": "2.8 - 12 mm @ F1.4,Angle of view: 105.2\u00b0-31.9\u00b0",
    "lens mount": "\u03c614",
    "max image resolution": "2048\u00d71536",
    "min illumination": "0.07Lux @(F1.2,AGC ON) ,0 Lux with IR\n0.1Lux @(F1.4,AGC ON), 0 Lux with IR",
    "network": "Network Storage: NASAlarm Trigger: Motion detection, Dynamic Analysis, Tampering alarm, Network disconnect, IP address conflict, Storage exceptionProtocols: TCP/IP,ICMP,HTTP,HTTPS,FTP,DHCP,DNS,DDNS,RTP,RTSP,RTCP,\nPPPoE,NTP,UPnP,SMTP,SNMP,IGMP,802.1X,QoS,IPv6,BonjourSecurity: User Authentication, Watermark, IP address filtering, anonymous accessSystem Compatibility: ONVIF, PSIA, CGI, ISAPI",
    "network storage": "NAS",
    "onboard storage": "Built-in Micro SD/SDHC/SDXC card slot, up to 64 GB",
    "operating conditions": "-30 \u00b0C ~ 60 \u00b0C (-22 \u00b0F ~ 140 \u00b0F)\nHumidity 95% or less (non-condensing)",
    "power consumption": "Max. 5.5 W (Max. 7.5 W with IR cut filter on)",
    "power supply": "12 VDC \u00b1 10%, PoE (802.3af)",
    "protocols": "TCP/IP,ICMP,HTTP,HTTPS,FTP,DHCP,DNS,DDNS,RTP,RTSP,RTCP,\nPPPoE,NTP,UPnP,SMTP,SNMP,IGMP,802.1X,QoS,IPv6,Bonjour",
    "reset button": "Yes",
    "roi": "Yes, up to 4 configurable areas",
    "security": "User Authentication, Watermark, IP address filtering, anonymous access",
    "shutter time": "1/25s ~ 1/100,000s",
    "system compatibility": "ONVIF, PSIA, CGI, ISAPI",
    "video compression": "H.264/M-JPEG",
    "weather proof": "IP66",
    "weight": "1200g",
    "wide dynamic range": "Digital WDR"
}