{
    "<page title>": "Low Cost Wifi Mini Ip Camera With Free App - Buy Wifi Ip Camera,P2p Ip Camera,Wifi Ir Ip Camera Product on Alibaba.com",
    "agc": "Auto",
    "illumination": "0Lux with IR",
    "imaging sensor": "9D111 CMOS",
    "lens mount": "CS",
    "local storage": "Supports local micro SD Card storage",
    "network transmission": "Imbedded with Jovision CloudSEE Transmission Protocol",
    "power consumption": "<6W",
    "snr": "50dB Min",
    "video bitrate": "200k~2Mbps Bitrate adjustable",
    "video compression standard": "H.264/JPEG",
    "video frame rate": "25fps",
    "video resolution": "1280*960 Max",
    "white balance": "Auto",
    "wireless network": "802.11n wireless local network port",
    "work environment": "Work Warm (-10\u00b0C)-55\u00b0C,Work Humidity 10%-90%"
}